{
  "step": 100,
  "train": {
    "loss": -0.0,
    "policy_loss": -0.0,
    "entropy": 0.039587054401636124,
    "reward": 0.9656177163124084,
    "rollout_count": 8.0,
    "generated_tokens_mean": 28.5,
    "cot_tokens_mean": 26.5,
    "cot_tokens_total": 212.0,
    "cot_match_accuracy": 1.0,
    "cot_match_percent": 100.0,
    "process_match_accuracy": 1.0,
    "process_match_percent": 100.0,
    "output_match_accuracy": 1.0,
    "output_match_percent": 100.0,
    "exact_match_accuracy": 1.0,
    "exact_match_percent": 100.0,
    "terminal_reward": 1.0,
    "sequence_process_reward": 1.0,
    "dense_process_reward": 1.0,
    "mean_step_reward": 1.0,
    "number_of_correct_steps": 26.5,
    "number_of_generated_steps": 26.5,
    "number_of_oracle_steps": 26.5,
    "step_alignment_accuracy": 1.0,
    "total_reward": 3.0,
    "curriculum_stage": 0.0,
    "train_min_len": 1.0,
    "train_max_len": 40.0,
    "generation_max_new_tokens": 64.0,
    "generation_temperature": 0.3
  },
  "eval": {
    "train_1_40": {
      "process": 0.9695631358189406,
      "terminal": 0.95,
      "exact": 0.775,
      "final_answer_accuracy": 0.95,
      "full_trace_exact_match": 0.775,
      "step_accuracy": 0.9945699786324786,
      "mean_step_reward": 0.9820696907761534,
      "prefix_accuracy": 0.9367630874567793,
      "step_accuracy_by_length": {
        "1": 1.0,
        "2": 1.0,
        "3": 1.0,
        "4": 1.0,
        "5": 1.0,
        "6": 1.0,
        "7": 1.0,
        "8": 1.0,
        "9": 1.0,
        "10": 1.0,
        "11": 1.0,
        "12": 1.0,
        "13": 0.7692307692307693,
        "14": 1.0,
        "15": 1.0,
        "16": 1.0,
        "17": 1.0,
        "18": 1.0,
        "19": 1.0,
        "20": 1.0,
        "21": 1.0,
        "22": 1.0,
        "23": 1.0,
        "24": 1.0,
        "25": 1.0,
        "26": 1.0,
        "27": 1.0,
        "28": 1.0,
        "29": 1.0,
        "30": 1.0,
        "31": 1.0,
        "32": 0.95,
        "33": 1.0,
        "34": 0.9705882352941176,
        "35": 0.9714285714285714,
        "36": 0.9785714285714285,
        "37": 0.918918918918919,
        "38": 0.9210526315789473,
        "39": 0.8819444444444444,
        "40": 0.9210526315789473
      }
    },
    "ood_41_80": {
      "process": 0.5399425898157421,
      "terminal": 0.3,
      "exact": 0.0,
      "final_answer_accuracy": 0.3,
      "full_trace_exact_match": 0.0,
      "step_accuracy": 0.875283978666943,
      "mean_step_reward": 0.659860226500298,
      "prefix_accuracy": 0.14595005874389827,
      "step_accuracy_by_length": {
        "41": 0.8680555555555556,
        "42": 0.8716216216216216,
        "43": 0.75,
        "44": 0.8541666666666666,
        "45": 0.7941176470588235,
        "46": 0.7867647058823529,
        "47": 0.7102272727272727,
        "48": 0.66875,
        "49": 0.7034883720930233,
        "50": 0.6944444444444444,
        "51": 0.7261904761904762,
        "52": 0.75,
        "53": 0.6354166666666666,
        "54": 0.6320754716981132,
        "55": 0.67,
        "56": 0.6510416666666666,
        "57": 0.6195652173913043,
        "58": 0.715,
        "59": 0.6052631578947368,
        "60": 0.6395348837209303,
        "61": 0.5,
        "62": 0.6818181818181818,
        "63": 0.5387931034482759,
        "64": 0.6274509803921569,
        "65": 0.6160714285714286,
        "66": 0.592741935483871,
        "67": 0.592741935483871,
        "68": 0.6516393442622951,
        "69": 0.5860655737704918,
        "70": 0.6101694915254238,
        "71": 0.5833333333333334,
        "72": 0.6615384615384615,
        "73": 0.5769230769230769,
        "74": 0.5760869565217391,
        "75": 0.6086956521739131,
        "76": 0.5464285714285714,
        "77": 0.6307692307692307,
        "78": 0.6088709677419355,
        "79": 0.6527777777777778,
        "80": 0.6057692307692307
      }
    },
    "ood_81_160": {
      "process": 0.5185946247760503,
      "terminal": 0.4875,
      "exact": 0.0,
      "final_answer_accuracy": 0.4875,
      "full_trace_exact_match": 0.0,
      "step_accuracy": 0.9114108604879598,
      "mean_step_reward": 0.6195298495219117,
      "prefix_accuracy": 0.027156413195524608,
      "step_accuracy_by_length": {
        "81": 0.5569620253164557,
        "82": 0.6514084507042254,
        "83": 0.64,
        "84": 0.6142857142857143,
        "85": 0.7094594594594594,
        "86": 0.6033333333333334,
        "87": 0.6172839506172839,
        "88": 0.691358024691358,
        "89": 0.6524390243902439,
        "90": 0.620253164556962,
        "91": 0.627906976744186,
        "92": 0.620253164556962,
        "93": 0.6333333333333333,
        "94": 0.5755813953488372,
        "95": 0.573170731707317,
        "96": 0.553763440860215,
        "97": 0.6222826086956522,
        "98": 0.6467391304347826,
        "99": 0.5763157894736842,
        "100": 0.6346153846153846,
        "101": 0.6385869565217391,
        "102": 0.6026315789473684,
        "103": 0.6155913978494624,
        "104": 0.6105263157894737,
        "105": 0.6629213483146067,
        "106": 0.6224489795918368,
        "107": 0.6409574468085106,
        "108": 0.5883838383838383,
        "109": 0.594059405940594,
        "110": 0.6102941176470589,
        "111": 0.6092233009708737,
        "112": 0.6475,
        "113": 0.6023809523809524,
        "114": 0.6407766990291263,
        "115": 0.6658653846153846,
        "116": 0.6203703703703703,
        "117": 0.6355140186915887,
        "118": 0.558695652173913,
        "119": 0.6090909090909091,
        "120": 0.6523809523809524,
        "121": 0.6306306306306306,
        "122": 0.5736607142857143,
        "123": 0.6216216216216216,
        "124": 0.5991379310344828,
        "125": 0.6039823008849557,
        "126": 0.6410256410256411,
        "127": 0.6438053097345132,
        "128": 0.6153846153846154,
        "129": 0.6359649122807017,
        "130": 0.6083333333333333,
        "131": 0.6280487804878049,
        "132": 0.6208333333333333,
        "133": 0.602,
        "134": 0.6448412698412699,
        "135": 0.5988372093023255,
        "136": 0.625,
        "137": 0.5955284552845529,
        "138": 0.6339285714285714,
        "139": 0.6117886178861789,
        "140": 0.6087786259541985,
        "141": 0.5991735537190083,
        "142": 0.594,
        "143": 0.6106870229007634,
        "144": 0.5903846153846154,
        "145": 0.6194852941176471,
        "146": 0.6382575757575758,
        "147": 0.6033834586466166,
        "148": 0.6447368421052632,
        "149": 0.625,
        "150": 0.6301369863013698,
        "151": 0.6295620437956204,
        "152": 0.6336805555555556,
        "153": 0.6267361111111112,
        "154": 0.6086206896551725,
        "155": 0.6213235294117647,
        "156": 0.6413793103448275,
        "157": 0.6095890410958904,
        "158": 0.6471631205673759,
        "159": 0.5922818791946308,
        "160": 0.6047297297297297
      }
    },
    "ood_161_320": {
      "process": 0.422502144881153,
      "terminal": 0.01875,
      "exact": 0.0,
      "final_answer_accuracy": 0.01875,
      "full_trace_exact_match": 0.0,
      "step_accuracy": 0.7632427833325262,
      "mean_step_reward": 0.5651695037064284,
      "prefix_accuracy": 0.011816045863407421,
      "step_accuracy_by_length": {
        "161": 0.5584415584415584,
        "162": 0.5916666666666667,
        "163": 0.5746527777777778,
        "164": 0.5822147651006712,
        "165": 0.625,
        "166": 0.5939597315436241,
        "167": 0.5686274509803921,
        "168": 0.6038961038961039,
        "169": 0.5886075949367089,
        "170": 0.6266233766233766,
        "171": 0.639261744966443,
        "172": 0.5866013071895425,
        "173": 0.5897435897435898,
        "174": 0.5725308641975309,
        "175": 0.6052631578947368,
        "176": 0.5598159509202454,
        "177": 0.6060606060606061,
        "178": 0.6084905660377359,
        "179": 0.601027397260274,
        "180": 0.5237341772151899,
        "181": 0.6378205128205128,