{
  "step": 250,
  "train": {
    "loss": -0.0,
    "policy_loss": -0.0,
    "entropy": 0.028971349820494652,
    "reward": 0.9314815402030945,
    "rollout_count": 8.0,
    "generated_tokens_mean": 17.5,
    "cot_tokens_mean": 15.5,
    "cot_tokens_total": 124.0,
    "cot_match_accuracy": 1.0,
    "cot_match_percent": 100.0,
    "process_match_accuracy": 1.0,
    "process_match_percent": 100.0,
    "output_match_accuracy": 1.0,
    "output_match_percent": 100.0,
    "exact_match_accuracy": 1.0,
    "exact_match_percent": 100.0,
    "terminal_reward": 1.0,
    "sequence_process_reward": 1.0,
    "dense_process_reward": 1.0,
    "mean_step_reward": 1.0,
    "number_of_correct_steps": 15.5,
    "number_of_generated_steps": 15.5,
    "number_of_oracle_steps": 15.5,
    "step_alignment_accuracy": 1.0,
    "total_reward": 3.0,
    "curriculum_stage": 0.0,
    "train_min_len": 1.0,
    "train_max_len": 40.0,
    "generation_max_new_tokens": 64.0,
    "generation_temperature": 0.3
  },
  "eval": {
    "train_1_40": {
      "process": 0.9780239945850434,
      "terminal": 0.875,
      "exact": 0.775,
      "final_answer_accuracy": 0.875,
      "full_trace_exact_match": 0.775,
      "step_accuracy": 0.9960383545310014,
      "mean_step_reward": 0.9849456977006316,
      "prefix_accuracy": 0.9578409695089259,
      "step_accuracy_by_length": {
        "1": 1.0,
        "2": 1.0,
        "3": 1.0,
        "4": 1.0,
        "5": 1.0,
        "6": 1.0,
        "7": 1.0,
        "8": 1.0,
        "9": 1.0,
        "10": 1.0,
        "11": 1.0,
        "12": 1.0,
        "13": 1.0,
        "14": 1.0,
        "15": 1.0,
        "16": 1.0,
        "17": 1.0,
        "18": 1.0,
        "19": 1.0,
        "20": 1.0,
        "21": 1.0,
        "22": 1.0,
        "23": 1.0,
        "24": 1.0,
        "25": 1.0,
        "26": 1.0,
        "27": 1.0,
        "28": 1.0,
        "29": 1.0,
        "30": 1.0,
        "31": 1.0,
        "32": 0.96875,
        "33": 0.9242424242424242,
        "34": 0.9772727272727273,
        "35": 0.9571428571428572,
        "36": 0.9722222222222222,
        "37": 0.8571428571428571,
        "38": 0.9078947368421053,
        "39": 0.9615384615384616,
        "40": 0.8716216216216216
      }
    },
    "ood_41_80": {
      "process": 0.5442351477863647,
      "terminal": 0.4,
      "exact": 0.0,
      "final_answer_accuracy": 0.4,
      "full_trace_exact_match": 0.0,
      "step_accuracy": 0.8816398779204035,
      "mean_step_reward": 0.6586731765592982,
      "prefix_accuracy": 0.1300216593319955,
      "step_accuracy_by_length": {
        "41": 0.8918918918918919,
        "42": 0.8581081081081081,
        "43": 0.7083333333333334,
        "44": 0.8541666666666666,
        "45": 0.7727272727272727,
        "46": 0.6666666666666666,
        "47": 0.7383720930232558,
        "48": 0.6130952380952381,
        "49": 0.8109756097560976,
        "50": 0.7386363636363636,
        "51": 0.7159090909090909,
        "52": 0.7393617021276596,
        "53": 0.64,
        "54": 0.589622641509434,
        "55": 0.6197916666666666,
        "56": 0.59,
        "57": 0.6413043478260869,
        "58": 0.6715686274509803,
        "59": 0.6367924528301887,
        "60": 0.5277777777777778,
        "61": 0.6517857142857143,
        "62": 0.6181818181818182,
        "63": 0.6132075471698113,
        "64": 0.65,
        "65": 0.5708333333333333,
        "66": 0.5948275862068966,
        "67": 0.6209677419354839,
        "68": 0.6706349206349206,
        "69": 0.5390625,
        "70": 0.5846153846153846,
        "71": 0.5778688524590164,
        "72": 0.7101449275362319,
        "73": 0.5757575757575758,
        "74": 0.625,
        "75": 0.6048387096774194,
        "76": 0.6071428571428571,
        "77": 0.5895522388059702,
        "78": 0.5992647058823529,
        "79": 0.6964285714285714,
        "80": 0.6217105263157895
      }
    },
    "ood_81_160": {
      "process": 0.5102508793375263,
      "terminal": 0.3375,
      "exact": 0.0,
      "final_answer_accuracy": 0.3375,
      "full_trace_exact_match": 0.0,
      "step_accuracy": 0.9121455839324943,
      "mean_step_reward": 0.6116832431210144,
      "prefix_accuracy": 0.027963171186582307,
      "step_accuracy_by_length": {
        "81": 0.6126760563380281,
        "82": 0.6166666666666667,
        "83": 0.5961538461538461,
        "84": 0.5924657534246576,
        "85": 0.625,
        "86": 0.5801282051282052,
        "87": 0.6341463414634146,
        "88": 0.6130952380952381,
        "89": 0.6130952380952381,
        "90": 0.6107594936708861,
        "91": 0.6323529411764706,
        "92": 0.5982142857142857,
        "93": 0.5901162790697675,
        "94": 0.5784883720930233,
        "95": 0.6235632183908046,
        "96": 0.5733695652173914,
        "97": 0.6278409090909091,
        "98": 0.6647727272727273,
        "99": 0.5725806451612904,
        "100": 0.6078947368421053,
        "101": 0.6223404255319149,
        "102": 0.6005154639175257,
        "103": 0.5989583333333334,
        "104": 0.6303191489361702,
        "105": 0.6209677419354839,
        "106": 0.5943877551020408,
        "107": 0.6275510204081632,
        "108": 0.5883838383838383,
        "109": 0.6479591836734694,
        "110": 0.6446078431372549,
        "111": 0.6289473684210526,
        "112": 0.6333333333333333,
        "113": 0.5995370370370371,
        "114": 0.6261682242990654,
        "115": 0.6432038834951457,
        "116": 0.6214285714285714,
        "117": 0.6071428571428571,
        "118": 0.59375,
        "119": 0.6485148514851485,
        "120": 0.6495327102803738,
        "121": 0.5977272727272728,
        "122": 0.5608695652173913,
        "123": 0.6134259259259259,
        "124": 0.5889830508474576,
        "125": 0.5945378151260504,
        "126": 0.6173913043478261,
        "127": 0.6083333333333333,
        "128": 0.5525210084033614,
        "129": 0.6261467889908257,
        "130": 0.5961538461538461,
        "131": 0.6373873873873874,
        "132": 0.5963114754098361,
        "133": 0.6118421052631579,
        "134": 0.6386554621848739,
        "135": 0.5910852713178295,
        "136": 0.6074380165289256,
        "137": 0.564,
        "138": 0.6238738738738738,
        "139": 0.6050420168067226,
        "140": 0.5925925925925926,
        "141": 0.6111111111111112,
        "142": 0.5896946564885496,
        "143": 0.6136363636363636,
        "144": 0.596,
        "145": 0.5992366412213741,
        "146": 0.6214285714285714,
        "147": 0.5736434108527132,
        "148": 0.6182170542635659,
        "149": 0.6539855072463768,
        "150": 0.6111111111111112,
        "151": 0.6302816901408451,
        "152": 0.6267857142857143,
        "153": 0.6642335766423357,
        "154": 0.5935374149659864,
        "155": 0.6379310344827587,
        "156": 0.6493055555555556,
        "157": 0.59375,
        "158": 0.6311188811188811,
        "159": 0.6047297297297297,
        "160": 0.5996732026143791
      }
    },
    "ood_161_320": {
      "process": 0.4224365308369357,
      "terminal": 0.01875,
      "exact": 0.0,
      "final_answer_accuracy": 0.01875,
      "full_trace_exact_match": 0.0,
      "step_accuracy": 0.7624027334120049,
      "mean_step_reward": 0.5613617636990003,
      "prefix_accuracy": 0.011816882691112435,
      "step_accuracy_by_length": {
        "161": 0.5906040268456376,
        "162": 0.5927152317880795,
        "163": 0.5369127516778524,
        "164": 0.5714285714285714,
        "165": 0.6328671328671329,
        "166": 0.5795454545454546,
        "167": 0.6059027777777778,
        "168": 0.6167763157894737,
        "169": 0.5833333333333334,
        "170": 0.592948717948718,
        "171": 0.6388888888888888,
        "172": 0.6009933774834437,
        "173": 0.5854838709677419,
        "174": 0.5662650602409639,
        "175": 0.597682119205298,
        "176": 0.5757042253521126,
        "177": 0.5933544303797469,
        "178": 0.5740740740740741,
        "179": 0.5898692810457516,