{
  "step": 50,
  "train": {
    "loss": 0.020708197727799416,
    "policy_loss": 0.020708197727799416,
    "entropy": 0.10372086614370346,
    "reward": 0.8528628349304199,
    "rollout_count": 8.0,
    "generated_tokens_mean": 36.5,
    "cot_tokens_mean": 34.5,
    "cot_tokens_total": 276.0,
    "cot_match_accuracy": 0.8728991596638656,
    "cot_match_percent": 87.28991596638656,
    "process_match_accuracy": 0.8728991596638656,
    "process_match_percent": 87.28991596638656,
    "output_match_accuracy": 0.375,
    "output_match_percent": 37.5,
    "exact_match_accuracy": 0.0,
    "exact_match_percent": 0.0,
    "terminal_reward": 0.375,
    "sequence_process_reward": 0.8728991596638656,
    "dense_process_reward": 0.9055672268907563,
    "mean_step_reward": 0.9255602240896358,
    "number_of_correct_steps": 25.875,
    "number_of_generated_steps": 34.5,
    "number_of_oracle_steps": 34.5,
    "step_alignment_accuracy": 0.9781512605042018,
    "total_reward": 2.1861344537815124,
    "curriculum_stage": 0.0,
    "train_min_len": 1.0,
    "train_max_len": 40.0,
    "generation_max_new_tokens": 64.0,
    "generation_temperature": 0.3
  },
  "eval": {
    "train_1_40": {
      "process": 0.9661778169170606,
      "terminal": 0.775,
      "exact": 0.7,
      "final_answer_accuracy": 0.775,
      "full_trace_exact_match": 0.7,
      "step_accuracy": 0.9926374321821803,
      "mean_step_reward": 0.9787390561212888,
      "prefix_accuracy": 0.9430806489710415,
      "step_accuracy_by_length": {
        "1": 1.0,
        "2": 1.0,
        "3": 1.0,
        "4": 1.0,
        "5": 1.0,
        "6": 1.0,
        "7": 1.0,
        "8": 1.0,
        "9": 1.0,
        "10": 1.0,
        "11": 1.0,
        "12": 1.0,
        "13": 1.0,
        "14": 1.0,
        "15": 1.0,
        "16": 1.0,
        "17": 1.0,
        "18": 1.0,
        "19": 1.0,
        "20": 1.0,
        "21": 1.0,
        "22": 1.0,
        "23": 1.0,
        "24": 1.0,
        "25": 1.0,
        "26": 0.95,
        "27": 1.0,
        "28": 1.0,
        "29": 0.9655172413793104,
        "30": 1.0,
        "31": 0.925,
        "32": 0.95,
        "33": 0.9242424242424242,
        "34": 0.8787878787878788,
        "35": 0.9857142857142858,
        "36": 0.9558823529411765,
        "37": 0.9054054054054054,
        "38": 0.8783783783783784,
        "39": 0.9358974358974359,
        "40": 0.8947368421052632
      }
    },
    "ood_41_80": {
      "process": 0.5407765346784041,
      "terminal": 0.425,
      "exact": 0.0,
      "final_answer_accuracy": 0.425,
      "full_trace_exact_match": 0.0,
      "step_accuracy": 0.8897509146654536,
      "mean_step_reward": 0.661246055590372,
      "prefix_accuracy": 0.14014959567251678,
      "step_accuracy_by_length": {
        "41": 0.8581081081081081,
        "42": 0.8581081081081081,
        "43": 0.777027027027027,
        "44": 0.8055555555555556,
        "45": 0.8285714285714286,
        "46": 0.8353658536585366,
        "47": 0.7727272727272727,
        "48": 0.5888888888888889,
        "49": 0.6976744186046512,
        "50": 0.75,
        "51": 0.6428571428571429,
        "52": 0.7819148936170213,
        "53": 0.5288461538461539,
        "54": 0.6861702127659575,
        "55": 0.6683673469387755,
        "56": 0.696078431372549,
        "57": 0.6057692307692307,
        "58": 0.6294642857142857,
        "59": 0.5833333333333334,
        "60": 0.5879629629629629,
        "61": 0.5509259259259259,
        "62": 0.6157407407407407,
        "63": 0.5636363636363636,
        "64": 0.6024590163934426,
        "65": 0.6741071428571429,
        "66": 0.5921052631578947,
        "67": 0.5958333333333333,
        "68": 0.6854838709677419,
        "69": 0.5791666666666667,
        "70": 0.6116071428571429,
        "71": 0.6160714285714286,
        "72": 0.6323529411764706,
        "73": 0.61328125,
        "74": 0.5833333333333334,
        "75": 0.6194029850746269,
        "76": 0.6076388888888888,
        "77": 0.6194029850746269,
        "78": 0.582089552238806,
        "79": 0.6956521739130435,
        "80": 0.6267605633802817
      }
    },
    "ood_81_160": {
      "process": 0.5062559419239869,
      "terminal": 0.4625,
      "exact": 0.0,
      "final_answer_accuracy": 0.4625,
      "full_trace_exact_match": 0.0,
      "step_accuracy": 0.8994159845144738,
      "mean_step_reward": 0.6183987904963572,
      "prefix_accuracy": 0.02800881259633588,
      "step_accuracy_by_length": {
        "81": 0.647887323943662,
        "82": 0.6118421052631579,
        "83": 0.6006493506493507,
        "84": 0.5950704225352113,
        "85": 0.625,
        "86": 0.5846153846153846,
        "87": 0.6264705882352941,
        "88": 0.6488095238095238,
        "89": 0.6463414634146342,
        "90": 0.6396103896103896,
        "91": 0.6450617283950617,
        "92": 0.6327160493827161,
        "93": 0.5786516853932584,
        "94": 0.5873493975903614,
        "95": 0.6360759493670886,
        "96": 0.6193181818181818,
        "97": 0.6194444444444445,
        "98": 0.7017045454545454,
        "99": 0.5725806451612904,
        "100": 0.6394736842105263,
        "101": 0.657608695652174,
        "102": 0.6145833333333334,
        "103": 0.6236842105263158,
        "104": 0.6263440860215054,
        "105": 0.6732954545454546,
        "106": 0.6186868686868687,
        "107": 0.6198979591836735,
        "108": 0.59375,
        "109": 0.6473684210526316,
        "110": 0.6041666666666666,
        "111": 0.6237373737373737,
        "112": 0.6470588235294118,
        "113": 0.6122448979591837,
        "114": 0.6180555555555556,
        "115": 0.6820388349514563,
        "116": 0.6272727272727273,
        "117": 0.5,
        "118": 0.5740740740740741,
        "119": 0.6039823008849557,
        "120": 0.6577669902912622,
        "121": 0.6009174311926605,
        "122": 0.59375,
        "123": 0.6202830188679245,
        "124": 0.6193693693693694,
        "125": 0.5760869565217391,
        "126": 0.6573275862068966,
        "127": 0.6440677966101694,
        "128": 0.6012931034482759,
        "129": 0.6193693693693694,
        "130": 0.6261061946902655,
        "131": 0.6136363636363636,
        "132": 0.6220472440944882,
        "133": 0.6068548387096774,
        "134": 0.6071428571428571,
        "135": 0.63,
        "136": 0.6046511627906976,
        "137": 0.5813008130081301,
        "138": 0.6239130434782608,
        "139": 0.5873015873015873,
        "140": 0.6269230769230769,
        "141": 0.6145038167938931,
        "142": 0.5939849624060151,
        "143": 0.6201550387596899,
        "144": 0.5821167883211679,
        "145": 0.6276595744680851,
        "146": 0.6268939393939394,
        "147": 0.6109022556390977,
        "148": 0.6129629629629629,
        "149": 0.6343283582089553,
        "150": 0.6241007194244604,
        "151": 0.6425925925925926,
        "152": 0.6141304347826086,
        "153": 0.6678321678321678,
        "154": 0.591726618705036,
        "155": 0.6371527777777778,
        "156": 0.6145833333333334,
        "157": 0.618421052631579,
        "158": 0.6120689655172413,
        "159": 0.57,
        "160": 0.6091549295774648
      }
    },
    "ood_161_320": {
      "process": 0.41403955481555565,
      "terminal": 0.00625,
      "exact": 0.0,
      "final_answer_accuracy": 0.00625,
      "full_trace_exact_match": 0.0,
      "step_accuracy": 0.7530150870983683,
      "mean_step_reward": 0.562354811681768,
      "prefix_accuracy": 0.011876462929877027,
      "step_accuracy_by_length": {
        "161": 0.5910596026490066,
        "162": 0.5804794520547946,
        "163": 0.5948905109489051,
        "164": 0.5855263157894737,
        "165": 0.6164383561643836,
        "166": 0.6214788732394366,
        "167": 0.5827702702702703,
        "168": 0.6182432432432432,
        "169": 0.5996732026143791,
        "170": 0.5978260869565217,
        "171": 0.582258064516129,
        "172": 0.6025641025641025,
        "173": 0.5729813664596274,