{
  "step": 200,
  "train": {
    "loss": -0.0,
    "policy_loss": -0.0,
    "entropy": 0.03215375542640686,
    "reward": 0.9658564925193787,
    "rollout_count": 8.0,
    "generated_tokens_mean": 28.5,
    "cot_tokens_mean": 26.5,
    "cot_tokens_total": 212.0,
    "cot_match_accuracy": 1.0,
    "cot_match_percent": 100.0,
    "process_match_accuracy": 1.0,
    "process_match_percent": 100.0,
    "output_match_accuracy": 1.0,
    "output_match_percent": 100.0,
    "exact_match_accuracy": 1.0,
    "exact_match_percent": 100.0,
    "terminal_reward": 1.0,
    "sequence_process_reward": 1.0,
    "dense_process_reward": 1.0,
    "mean_step_reward": 1.0,
    "number_of_correct_steps": 26.5,
    "number_of_generated_steps": 26.5,
    "number_of_oracle_steps": 26.5,
    "step_alignment_accuracy": 1.0,
    "total_reward": 3.0,
    "curriculum_stage": 0.0,
    "train_min_len": 1.0,
    "train_max_len": 40.0,
    "generation_max_new_tokens": 64.0,
    "generation_temperature": 0.3
  },
  "eval": {
    "train_1_40": {
      "process": 0.9782774938250121,
      "terminal": 0.825,
      "exact": 0.75,
      "final_answer_accuracy": 0.825,
      "full_trace_exact_match": 0.75,
      "step_accuracy": 0.9953412092058102,
      "mean_step_reward": 0.9841953105344249,
      "prefix_accuracy": 0.9360900150583079,
      "step_accuracy_by_length": {
        "1": 1.0,
        "2": 1.0,
        "3": 1.0,
        "4": 1.0,
        "5": 1.0,
        "6": 1.0,
        "7": 1.0,
        "8": 1.0,
        "9": 1.0,
        "10": 1.0,
        "11": 1.0,
        "12": 1.0,
        "13": 1.0,
        "14": 1.0,
        "15": 1.0,
        "16": 1.0,
        "17": 1.0,
        "18": 1.0,
        "19": 1.0,
        "20": 1.0,
        "21": 1.0,
        "22": 1.0,
        "23": 0.9565217391304348,
        "24": 1.0,
        "25": 1.0,
        "26": 1.0,
        "27": 1.0,
        "28": 1.0,
        "29": 1.0,
        "30": 1.0,
        "31": 0.925,
        "32": 0.96875,
        "33": 1.0,
        "34": 0.9705882352941176,
        "35": 0.9285714285714286,
        "36": 0.9571428571428572,
        "37": 0.8918918918918919,
        "38": 0.918918918918919,
        "39": 0.9615384615384616,
        "40": 0.8888888888888888
      }
    },
    "ood_41_80": {
      "process": 0.5514903020063608,
      "terminal": 0.375,
      "exact": 0.0,
      "final_answer_accuracy": 0.375,
      "full_trace_exact_match": 0.0,
      "step_accuracy": 0.8743199109704625,
      "mean_step_reward": 0.6665092868726953,
      "prefix_accuracy": 0.13245829003985482,
      "step_accuracy_by_length": {
        "41": 0.831081081081081,
        "42": 0.7302631578947368,
        "43": 0.8040540540540541,
        "44": 0.7708333333333334,
        "45": 0.7647058823529411,
        "46": 0.7803030303030303,
        "47": 0.7317073170731707,
        "48": 0.7670454545454546,
        "49": 0.6744186046511628,
        "50": 0.75,
        "51": 0.6927083333333334,
        "52": 0.7295918367346939,
        "53": 0.6,
        "54": 0.6927083333333334,
        "55": 0.69,
        "56": 0.6377551020408163,
        "57": 0.75,
        "58": 0.6509433962264151,
        "59": 0.6346153846153846,
        "60": 0.5961538461538461,
        "61": 0.5990566037735849,
        "62": 0.6805555555555556,
        "63": 0.6545454545454545,
        "64": 0.6367924528301887,
        "65": 0.625,
        "66": 0.5958333333333333,
        "67": 0.6229508196721312,
        "68": 0.6451612903225806,
        "69": 0.6016949152542372,
        "70": 0.5789473684210527,
        "71": 0.5967741935483871,
        "72": 0.6328125,
        "73": 0.6031746031746031,
        "74": 0.6098484848484849,
        "75": 0.5808823529411765,
        "76": 0.5964285714285714,
        "77": 0.6174242424242424,
        "78": 0.6349206349206349,
        "79": 0.6095890410958904,
        "80": 0.6590909090909091
      }
    },
    "ood_81_160": {
      "process": 0.5101923628689147,
      "terminal": 0.4375,
      "exact": 0.0,
      "final_answer_accuracy": 0.4375,
      "full_trace_exact_match": 0.0,
      "step_accuracy": 0.9072618823108549,
      "mean_step_reward": 0.6107262779232941,
      "prefix_accuracy": 0.028050443074841048,
      "step_accuracy_by_length": {
        "81": 0.6486486486486487,
        "82": 0.61,
        "83": 0.6081081081081081,
        "84": 0.5675675675675675,
        "85": 0.6795774647887324,
        "86": 0.5737179487179487,
        "87": 0.5903614457831325,
        "88": 0.6697530864197531,
        "89": 0.6174698795180723,
        "90": 0.6071428571428571,
        "91": 0.625,
        "92": 0.6613924050632911,
        "93": 0.6191860465116279,
        "94": 0.5844594594594594,
        "95": 0.6538461538461539,
        "96": 0.5901162790697675,
        "97": 0.6361111111111111,
        "98": 0.6825842696629213,
        "99": 0.5904255319148937,
        "100": 0.6236263736263736,
        "101": 0.6408045977011494,
        "102": 0.5887096774193549,
        "103": 0.625,
        "104": 0.5892857142857143,
        "105": 0.6436170212765957,
        "106": 0.6447368421052632,
        "107": 0.6211340206185567,
        "108": 0.605,
        "109": 0.6096938775510204,
        "110": 0.6198979591836735,
        "111": 0.6329787234042553,
        "112": 0.6238317757009346,
        "113": 0.5865384615384616,
        "114": 0.611904761904762,
        "115": 0.6308411214953271,
        "116": 0.6215596330275229,
        "117": 0.6224489795918368,
        "118": 0.5972222222222222,
        "119": 0.5879629629629629,
        "120": 0.5942982456140351,
        "121": 0.6333333333333333,
        "122": 0.5482456140350878,
        "123": 0.5929203539823009,
        "124": 0.5905172413793104,
        "125": 0.6369565217391304,
        "126": 0.6452991452991453,
        "127": 0.6152173913043478,
        "128": 0.5450819672131147,
        "129": 0.6099137931034483,
        "130": 0.5953389830508474,
        "131": 0.59375,
        "132": 0.597457627118644,
        "133": 0.5929752066115702,
        "134": 0.628099173553719,
        "135": 0.5833333333333334,
        "136": 0.6129032258064516,
        "137": 0.5630434782608695,
        "138": 0.6077586206896551,
        "139": 0.5688976377952756,
        "140": 0.632,
        "141": 0.6068548387096774,
        "142": 0.618,
        "143": 0.6413934426229508,
        "144": 0.5833333333333334,
        "145": 0.608,
        "146": 0.6028368794326241,
        "147": 0.5384615384615384,
        "148": 0.6221374045801527,
        "149": 0.6361940298507462,
        "150": 0.5809352517985612,
        "151": 0.6159420289855072,
        "152": 0.6125,
        "153": 0.6338028169014085,
        "154": 0.6107142857142858,
        "155": 0.6320422535211268,
        "156": 0.6174496644295302,
        "157": 0.5844370860927153,
        "158": 0.6139455782312925,
        "159": 0.5604575163398693,
        "160": 0.6090604026845637
      }
    },
    "ood_161_320": {
      "process": 0.41746938428495073,
      "terminal": 0.01875,
      "exact": 0.0,
      "final_answer_accuracy": 0.01875,
      "full_trace_exact_match": 0.0,
      "step_accuracy": 0.7573978531385374,
      "mean_step_reward": 0.5626777209907241,
      "prefix_accuracy": 0.01179625381727807,
      "step_accuracy_by_length": {
        "161": 0.5856643356643356,
        "162": 0.6013986013986014,
        "163": 0.5736301369863014,
        "164": 0.5935374149659864,
        "165": 0.5865384615384616,
        "166": 0.5838926174496645,
        "167": 0.5894039735099338,
        "168": 0.5953947368421053,
        "169": 0.6020408163265306,
        "170": 0.5833333333333334,
        "171": 0.6,
        "172": 0.5833333333333334,
        "173": 0.5801282051282052,
        "174": 0.5923566878980892,
        "175": 0.5866013071895425,
        "176": 0.5807453416149069,
        "177": 0.6318493150684932,
        "178": 0.5919354838709677,
        "179": 0.5785256410256411,
        "180": 0.5592105263157895,
        "181": 0.6289808917197452,