{
  "step": 150,
  "train": {
    "loss": -0.0,
    "policy_loss": -0.0,
    "entropy": 0.03137008100748062,
    "reward": 0.9593749046325684,
    "rollout_count": 8.0,
    "generated_tokens_mean": 25.0,
    "cot_tokens_mean": 23.0,
    "cot_tokens_total": 184.0,
    "cot_match_accuracy": 1.0,
    "cot_match_percent": 100.0,
    "process_match_accuracy": 1.0,
    "process_match_percent": 100.0,
    "output_match_accuracy": 1.0,
    "output_match_percent": 100.0,
    "exact_match_accuracy": 1.0,
    "exact_match_percent": 100.0,
    "terminal_reward": 1.0,
    "sequence_process_reward": 1.0,
    "dense_process_reward": 1.0,
    "mean_step_reward": 1.0,
    "number_of_correct_steps": 23.0,
    "number_of_generated_steps": 23.0,
    "number_of_oracle_steps": 23.0,
    "step_alignment_accuracy": 1.0,
    "total_reward": 3.0,
    "curriculum_stage": 0.0,
    "train_min_len": 1.0,
    "train_max_len": 40.0,
    "generation_max_new_tokens": 64.0,
    "generation_temperature": 0.3
  },
  "eval": {
    "train_1_40": {
      "process": 0.9764988811463269,
      "terminal": 0.8,
      "exact": 0.75,
      "final_answer_accuracy": 0.8,
      "full_trace_exact_match": 0.75,
      "step_accuracy": 0.9924711303058823,
      "mean_step_reward": 0.9876847462650058,
      "prefix_accuracy": 0.9448627957788178,
      "step_accuracy_by_length": {
        "1": 1.0,
        "2": 1.0,
        "3": 1.0,
        "4": 1.0,
        "5": 1.0,
        "6": 1.0,
        "7": 1.0,
        "8": 1.0,
        "9": 1.0,
        "10": 1.0,
        "11": 1.0,
        "12": 1.0,
        "13": 1.0,
        "14": 1.0,
        "15": 1.0,
        "16": 1.0,
        "17": 1.0,
        "18": 1.0,
        "19": 1.0,
        "20": 1.0,
        "21": 1.0,
        "22": 0.9880952380952381,
        "23": 1.0,
        "24": 0.967391304347826,
        "25": 0.96,
        "26": 1.0,
        "27": 1.0,
        "28": 1.0,
        "29": 1.0,
        "30": 1.0,
        "31": 1.0,
        "32": 1.0,
        "33": 1.0,
        "34": 0.946969696969697,
        "35": 0.9411764705882353,
        "36": 0.9785714285714285,
        "37": 0.9459459459459459,
        "38": 0.9305555555555556,
        "39": 0.9407894736842105,
        "40": 0.9078947368421053
      }
    },
    "ood_41_80": {
      "process": 0.5384963987858675,
      "terminal": 0.55,
      "exact": 0.0,
      "final_answer_accuracy": 0.55,
      "full_trace_exact_match": 0.0,
      "step_accuracy": 0.8716156151396147,
      "mean_step_reward": 0.6628487414128252,
      "prefix_accuracy": 0.14537749012952145,
      "step_accuracy_by_length": {
        "41": 0.8648648648648649,
        "42": 0.8428571428571429,
        "43": 0.8040540540540541,
        "44": 0.8402777777777778,
        "45": 0.8142857142857143,
        "46": 0.7279411764705882,
        "47": 0.75,
        "48": 0.5909090909090909,
        "49": 0.6988636363636364,
        "50": 0.6611111111111111,
        "51": 0.6761363636363636,
        "52": 0.6979166666666666,
        "53": 0.575,
        "54": 0.6435185185185185,
        "55": 0.67,
        "56": 0.6436170212765957,
        "57": 0.68,
        "58": 0.6938775510204082,
        "59": 0.6372549019607843,
        "60": 0.6071428571428571,
        "61": 0.5989583333333334,
        "62": 0.6339285714285714,
        "63": 0.6545454545454545,
        "64": 0.6045454545454545,
        "65": 0.5964912280701754,
        "66": 0.5692307692307692,
        "67": 0.6767241379310345,
        "68": 0.673728813559322,
        "69": 0.5860655737704918,
        "70": 0.6140350877192983,
        "71": 0.6273584905660378,
        "72": 0.6397058823529411,
        "73": 0.597457627118644,
        "74": 0.6102941176470589,
        "75": 0.62890625,
        "76": 0.6142857142857143,
        "77": 0.6343283582089553,
        "78": 0.6044776119402985,
        "79": 0.6492537313432836,
        "80": 0.58
      }
    },
    "ood_81_160": {
      "process": 0.5099438933429484,
      "terminal": 0.4375,
      "exact": 0.0,
      "final_answer_accuracy": 0.4375,
      "full_trace_exact_match": 0.0,
      "step_accuracy": 0.9057626538373743,
      "mean_step_reward": 0.6132018225674941,
      "prefix_accuracy": 0.02776509075823872,
      "step_accuracy_by_length": {
        "81": 0.6433823529411765,
        "82": 0.6621621621621622,
        "83": 0.6388888888888888,
        "84": 0.5809859154929577,
        "85": 0.6052631578947368,
        "86": 0.5737179487179487,
        "87": 0.6442307692307693,
        "88": 0.6265060240963856,
        "89": 0.5914634146341463,
        "90": 0.5723684210526315,
        "91": 0.6265432098765432,
        "92": 0.625,
        "93": 0.6325301204819277,
        "94": 0.5963855421686747,
        "95": 0.625,
        "96": 0.6398809523809523,
        "97": 0.5879120879120879,
        "98": 0.6071428571428571,
        "99": 0.6209677419354839,
        "100": 0.6346153846153846,
        "101": 0.6451612903225806,
        "102": 0.59375,
        "103": 0.6289473684210526,
        "104": 0.5892857142857143,
        "105": 0.6175,
        "106": 0.6096938775510204,
        "107": 0.6147959183673469,
        "108": 0.6116504854368932,
        "109": 0.6237113402061856,
        "110": 0.5825242718446602,
        "111": 0.5990566037735849,
        "112": 0.6650485436893204,
        "113": 0.6108247422680413,
        "114": 0.6089108910891089,
        "115": 0.6391509433962265,
        "116": 0.6077981651376146,
        "117": 0.6144859813084113,
        "118": 0.6004672897196262,
        "119": 0.6261467889908257,
        "120": 0.6458333333333334,
        "121": 0.591743119266055,
        "122": 0.6155660377358491,
        "123": 0.6226851851851852,
        "124": 0.6186440677966102,
        "125": 0.6039823008849557,
        "126": 0.6419491525423728,
        "127": 0.6260504201680672,
        "128": 0.6237864077669902,
        "129": 0.6349557522123894,
        "130": 0.5899122807017544,
        "131": 0.6166666666666667,
        "132": 0.6083333333333333,
        "133": 0.6083333333333333,
        "134": 0.636,
        "135": 0.6065573770491803,
        "136": 0.5645833333333333,
        "137": 0.5575396825396826,
        "138": 0.6140350877192983,
        "139": 0.5807692307692308,
        "140": 0.625,
        "141": 0.5853658536585366,
        "142": 0.5793650793650794,
        "143": 0.5708955223880597,
        "144": 0.5801526717557252,
        "145": 0.6011029411764706,
        "146": 0.6356589147286822,
        "147": 0.5634920634920635,
        "148": 0.5949612403100775,
        "149": 0.6268382352941176,
        "150": 0.6293103448275862,
        "151": 0.6503623188405797,
        "152": 0.6324626865671642,
        "153": 0.6758620689655173,
        "154": 0.6259124087591241,
        "155": 0.6156462585034014,
        "156": 0.6206293706293706,
        "157": 0.5913793103448276,
        "158": 0.647887323943662,
        "159": 0.5681818181818182,
        "160": 0.6038961038961039
      }
    },
    "ood_161_320": {
      "process": 0.4134436151677188,
      "terminal": 0.03125,
      "exact": 0.0,
      "final_answer_accuracy": 0.03125,
      "full_trace_exact_match": 0.0,
      "step_accuracy": 0.75103524696973,
      "mean_step_reward": 0.5619334708427619,
      "prefix_accuracy": 0.011672938403710219,
      "step_accuracy_by_length": {
        "161": 0.6167883211678832,
        "162": 0.596551724137931,
        "163": 0.5753676470588235,
        "164": 0.5879310344827586,
        "165": 0.5962837837837838,
        "166": 0.591726618705036,
        "167": 0.5711920529801324,
        "168": 0.6134868421052632,
        "169": 0.5721153846153846,
        "170": 0.614516129032258,
        "171": 0.6061643835616438,
        "172": 0.5526315789473685,
        "173": 0.6071428571428571,
        "174": 0.6095890410958904,
        "175": 0.6282894736842105,
        "176": 0.5380116959064327,
        "177": 0.6153846153846154,
        "178": 0.596875,
        "179": 0.5665584415584416,
        "180": 0.5575757575757576,