{
  "step": 250,
  "train": {
    "loss": -0.0,
    "policy_loss": -0.0,
    "entropy": 0.02756776101887226,
    "reward": 3.0,
    "rollout_count": 8.0,
    "generated_tokens_mean": 17.5,
    "cot_tokens_mean": 15.5,
    "cot_tokens_total": 124.0,
    "cot_match_accuracy": 1.0,
    "cot_match_percent": 100.0,
    "process_match_accuracy": 1.0,
    "process_match_percent": 100.0,
    "output_match_accuracy": 1.0,
    "output_match_percent": 100.0,
    "exact_match_accuracy": 1.0,
    "exact_match_percent": 100.0
  },
  "eval": {
    "train_1_40": {
      "process": 0.9817826184276217,
      "terminal": 0.875,
      "exact": 0.75
    },
    "ood_41_80": {
      "process": 0.5521422295644174,
      "terminal": 0.55,
      "exact": 0.0
    },
    "ood_81_160": {
      "process": 0.522161076241105,
      "terminal": 0.5375,
      "exact": 0.0
    },
    "ood_161_320": {
      "process": 0.42275194533864296,
      "terminal": 0.00625,
      "exact": 0.0
    },
    "ood_321_500": {
      "process": 0.24839164420735355,
      "terminal": 0.005555555555555556,
      "exact": 0.0
    }
  }
}