{
  "step": 200,
  "train": {
    "loss": -0.0,
    "policy_loss": -0.0,
    "entropy": 0.03669650852680206,
    "reward": 3.0,
    "rollout_count": 8.0,
    "generated_tokens_mean": 28.5,
    "cot_tokens_mean": 26.5,
    "cot_tokens_total": 212.0,
    "cot_match_accuracy": 1.0,
    "cot_match_percent": 100.0,
    "process_match_accuracy": 1.0,
    "process_match_percent": 100.0,
    "output_match_accuracy": 1.0,
    "output_match_percent": 100.0,
    "exact_match_accuracy": 1.0,
    "exact_match_percent": 100.0
  },
  "eval": {
    "train_1_40": {
      "process": 0.9847820131736539,
      "terminal": 0.95,
      "exact": 0.775
    },
    "ood_41_80": {
      "process": 0.5393723521485987,
      "terminal": 0.35,
      "exact": 0.0
    },
    "ood_81_160": {
      "process": 0.5159425916295832,
      "terminal": 0.5,
      "exact": 0.0
    },
    "ood_161_320": {
      "process": 0.4190572328142448,
      "terminal": 0.00625,
      "exact": 0.0
    },
    "ood_321_500": {
      "process": 0.24907167870545782,
      "terminal": 0.0,
      "exact": 0.0
    }
  }
}
