{
  "step": 500,
  "train": {
    "loss": 0.010150820016860962,
    "policy_loss": 0.010150820016860962,
    "entropy": 0.07047796249389648,
    "reward": 2.979729652404785,
    "rollout_count": 8.0,
    "generated_tokens_mean": 25.5,
    "cot_tokens_mean": 23.5,
    "cot_tokens_total": 188.0,
    "cot_match_accuracy": 0.9898648648648648,
    "cot_match_percent": 98.98648648648648,
    "process_match_accuracy": 0.9898648648648648,
    "process_match_percent": 98.98648648648648,
    "output_match_accuracy": 1.0,
    "output_match_percent": 100.0,
    "exact_match_accuracy": 0.75,
    "exact_match_percent": 75.0
  },
  "eval": {
    "train_1_40": {
      "process": 0.9703533667797171,
      "terminal": 0.9,
      "exact": 0.75
    },
    "ood_41_80": {
      "process": 0.539473190513121,
      "terminal": 0.5,
      "exact": 0.0
    },
    "ood_81_160": {
      "process": 0.5158365801371122,
      "terminal": 0.4625,
      "exact": 0.0
    },
    "ood_161_320": {
      "process": 0.4208708391354884,
      "terminal": 0.025,
      "exact": 0.0
    },
    "ood_321_500": {
      "process": 0.24422216131237207,
      "terminal": 0.0,
      "exact": 0.0
    }
  }
}
