{
  "step": 50,
  "train": {
    "loss": 0.09207112342119217,
    "policy_loss": 0.09207112342119217,
    "entropy": 6.8249101638793945,
    "reward": 0.009765625,
    "rollout_count": 8.0,
    "generated_tokens_mean": 64.0,
    "cot_tokens_mean": 64.0,
    "cot_tokens_total": 512.0,
    "cot_match_accuracy": 0.0035714285714285713,
    "cot_match_percent": 0.35714285714285715,
    "process_match_accuracy": 0.0035714285714285713,
    "process_match_percent": 0.35714285714285715,
    "output_match_accuracy": 0.0,
    "output_match_percent": 0.0,
    "exact_match_accuracy": 0.0,
    "exact_match_percent": 0.0,
    "terminal_reward": 0.0,
    "sequence_process_reward": 0.0035714285714285713,
    "dense_process_reward": 0.017962184873949582,
    "mean_step_reward": 0.017962184873949582,
    "number_of_correct_steps": 0.0,
    "number_of_generated_steps": 64.0,
    "number_of_oracle_steps": 34.5,
    "step_alignment_accuracy": 1.0,
    "total_reward": 0.035924369747899164,
    "curriculum_stage": 0.0,
    "train_min_len": 1.0,
    "train_max_len": 40.0,
    "generation_max_new_tokens": 64.0,
    "generation_temperature": 0.3
  },
  "eval": {
    "train_1_40": {
      "process": 0.0015199637023593465,
      "terminal": 0.0,
      "exact": 0.0,
      "final_answer_accuracy": 0.0,
      "full_trace_exact_match": 0.0,
      "step_accuracy": 1.0,
      "mean_step_reward": 0.04651115408558587,
      "prefix_accuracy": 0.0,
      "step_accuracy_by_length": {
        "1": 0.25,
        "2": 0.125,
        "3": 0.08333333333333333,
        "4": 0.25,
        "5": 0.05,
        "6": 0.041666666666666664,
        "7": 0.25,
        "8": 0.03125,
        "9": 0.027777777777777776,
        "10": 0.025,
        "11": 0.06818181818181818,
        "12": 0.020833333333333332,
        "13": 0.07692307692307693,
        "14": 0.05357142857142857,
        "15": 0.016666666666666666,
        "16": 0.015625,
        "17": 0.04411764705882353,
        "18": 0.013888888888888888,
        "19": 0.013157894736842105,
        "20": 0.0125,
        "21": 0.011904761904761904,
        "22": 0.011363636363636364,
        "23": 0.043478260869565216,
        "24": 0.03125,
        "25": 0.04,
        "26": 0.009615384615384616,
        "27": 0.009259259259259259,
        "28": 0.008928571428571428,
        "29": 0.07758620689655173,
        "30": 0.008333333333333333,
        "31": 0.008064516129032258,
        "32": 0.0078125,
        "33": 0.022727272727272728,
        "34": 0.022058823529411766,
        "35": 0.007142857142857143,
        "36": 0.006944444444444444,
        "37": 0.006756756756756757,
        "38": 0.02631578947368421,
        "39": 0.00641025641025641,
        "40": 0.025
      }
    },
    "ood_41_80": {
      "process": 0.0010051241623965312,
      "terminal": 0.0,
      "exact": 0.0,
      "final_answer_accuracy": 0.0,
      "full_trace_exact_match": 0.0,
      "step_accuracy": 0.9372658555208131,
      "mean_step_reward": 0.009598254237534985,
      "prefix_accuracy": 0.0,
      "step_accuracy_by_length": {
        "41": 0.036585365853658534,
        "42": 0.017857142857142856,
        "43": 0.01744186046511628,
        "44": 0.005681818181818182,
        "45": 0.019736842105263157,
        "46": 0.005434782608695652,
        "47": 0.005319148936170213,
        "48": 0.020833333333333332,
        "49": 0.015306122448979591,
        "50": 0.005,
        "51": 0.004901960784313725,
        "52": 0.004807692307692308,
        "53": 0.0047169811320754715,
        "54": 0.004629629629629629,
        "55": 0.004545454545454545,
        "56": 0.004464285714285714,
        "57": 0.013157894736842105,
        "58": 0.004310344827586207,
        "59": 0.0423728813559322,
        "60": 0.004166666666666667,
        "61": 0.004098360655737705,
        "62": 0.012295081967213115,
        "63": 0.003968253968253968,
        "64": 0.015625,
        "65": 0.0038461538461538464,
        "66": 0.0,
        "67": 0.0,
        "68": 0.003676470588235294,
        "69": 0.011194029850746268,
        "70": 0.010714285714285714,
        "71": 0.0035211267605633804,
        "72": 0.020833333333333332,
        "73": 0.003424657534246575,
        "74": 0.0033783783783783786,
        "75": 0.013333333333333334,
        "76": 0.010273972602739725,
        "77": 0.003246753246753247,
        "78": 0.0,
        "79": 0.019230769230769232,
        "80": 0.0
      }
    },
    "ood_81_160": {
      "process": 0.0016625640792584787,
      "terminal": 0.0,
      "exact": 0.0,
      "final_answer_accuracy": 0.0,
      "full_trace_exact_match": 0.0,
      "step_accuracy": 0.9156965096366003,
      "mean_step_reward": 0.004317882645594588,
      "prefix_accuracy": 0.0,
      "step_accuracy_by_length": {
        "81": 0.0030864197530864196,
        "82": 0.0,
        "83": 0.0030120481927710845,
        "84": 0.0,
        "85": 0.0029411764705882353,
        "86": 0.01744186046511628,
        "87": 0.0,
        "88": 0.011363636363636364,
        "89": 0.0028089887640449437,
        "90": 0.002777777777777778,
        "91": 0.0,
        "92": 0.008152173913043478,
        "93": 0.002688172043010753,
        "94": 0.010638297872340425,
        "95": 0.002631578947368421,
        "96": 0.010416666666666666,
        "97": 0.015625,
        "98": 0.002551020408163265,
        "99": 0.0025252525252525255,
        "100": 0.01,
        "101": 0.007425742574257425,
        "102": 0.017326732673267328,
        "103": 0.009708737864077669,
        "104": 0.002403846153846154,
        "105": 0.002380952380952381,
        "106": 0.009433962264150943,
        "107": 0.002336448598130841,
        "108": 0.0023148148148148147,
        "109": 0.005,
        "110": 0.0022727272727272726,
        "111": 0.0022522522522522522,
        "112": 0.006696428571428571,
        "113": 0.0022123893805309734,
        "114": 0.0021929824561403508,
        "115": 0.0,
        "116": 0.00646551724137931,
        "117": 0.002136752136752137,
        "118": 0.00211864406779661,
        "119": 0.008403361344537815,
        "120": 0.00625,
        "121": 0.010330578512396695,
        "122": 0.00819672131147541,
        "123": 0.0,
        "124": 0.0020161290322580645,
        "125": 0.002,
        "126": 0.001984126984126984,
        "127": 0.001968503937007874,
        "128": 0.001953125,
        "129": 0.011627906976744186,
        "130": 0.0019230769230769232,
        "131": 0.0,
        "132": 0.005681818181818182,
        "133": 0.0018796992481203006,
        "134": 0.0,
        "135": 0.009328358208955223,
        "136": 0.0,
        "137": 0.0018248175182481751,
        "138": 0.004545454545454545,
        "139": 0.0017985611510791368,
        "140": 0.0,
        "141": 0.00539568345323741,
        "142": 0.0017605633802816902,
        "143": 0.0017482517482517483,
        "144": 0.008741258741258742,
        "145": 0.0017241379310344827,
        "146": 0.0017123287671232876,
        "147": 0.0017006802721088435,
        "148": 0.005067567567567568,
        "149": 0.0016778523489932886,
        "150": 0.008333333333333333,
        "151": 0.0,
        "152": 0.001644736842105263,
        "153": 0.0016339869281045752,
        "154": 0.011589403973509934,
        "155": 0.0,
        "156": 0.006622516556291391,
        "157": 0.004777070063694267,
        "158": 0.0,
        "159": 0.0,
        "160": 0.00625
      }
    },
    "ood_161_320": {
      "process": 0.0010040172418720854,
      "terminal": 0.0,
      "exact": 0.0,
      "final_answer_accuracy": 0.0,
      "full_trace_exact_match": 0.0,
      "step_accuracy": 0.6775198905697799,
      "mean_step_reward": 0.003287412955981236,
      "prefix_accuracy": 0.0,
      "step_accuracy_by_length": {
        "161": 0.0015527950310559005,
        "162": 0.0031847133757961785,
        "163": 0.004629629629629629,
        "164": 0.001524390243902439,
        "165": 0.0,
        "166": 0.0,
        "167": 0.0014970059880239522,
        "168": 0.001488095238095238,