{
  "step": 100,
  "train": {
    "loss": 0.2697632908821106,
    "policy_loss": 0.2697632908821106,
    "entropy": 6.815203666687012,
    "reward": 0.01171875,
    "rollout_count": 8.0,
    "generated_tokens_mean": 64.0,
    "cot_tokens_mean": 56.125,
    "cot_tokens_total": 449.0,
    "cot_match_accuracy": 0.009601449275362318,
    "cot_match_percent": 0.9601449275362318,
    "process_match_accuracy": 0.009601449275362318,
    "process_match_percent": 0.9601449275362318,
    "output_match_accuracy": 0.0,
    "output_match_percent": 0.0,
    "exact_match_accuracy": 0.0,
    "exact_match_percent": 0.0,
    "terminal_reward": 0.0,
    "sequence_process_reward": 0.009601449275362318,
    "dense_process_reward": 0.026902173913043476,
    "mean_step_reward": 0.027472120271033313,
    "number_of_correct_steps": 0.0,
    "number_of_generated_steps": 56.125,
    "number_of_oracle_steps": 26.5,
    "step_alignment_accuracy": 0.8666666666666667,
    "total_reward": 0.05380434782608695,
    "curriculum_stage": 0.0,
    "train_min_len": 1.0,
    "train_max_len": 40.0,
    "generation_max_new_tokens": 64.0,
    "generation_temperature": 0.3
  },
  "eval": {
    "train_1_40": {
      "process": 0.001,
      "terminal": 0.0,
      "exact": 0.0,
      "final_answer_accuracy": 0.0,
      "full_trace_exact_match": 0.0,
      "step_accuracy": 0.9954545454545455,
      "mean_step_reward": 0.04093354999579094,
      "prefix_accuracy": 0.0,
      "step_accuracy_by_length": {
        "1": 0.25,
        "2": 0.25,
        "3": 0.08333333333333333,
        "4": 0.0625,
        "5": 0.2,
        "6": 0.041666666666666664,
        "7": 0.03571428571428571,
        "8": 0.03125,
        "9": 0.08333333333333333,
        "10": 0.025,
        "11": 0.0,
        "12": 0.020833333333333332,
        "13": 0.07692307692307693,
        "14": 0.017857142857142856,
        "15": 0.016666666666666666,
        "16": 0.015625,
        "17": 0.014705882352941176,
        "18": 0.013888888888888888,
        "19": 0.013157894736842105,
        "20": 0.0125,
        "21": 0.011904761904761904,
        "22": 0.011363636363636364,
        "23": 0.05434782608695652,
        "24": 0.010416666666666666,
        "25": 0.03,
        "26": 0.009615384615384616,
        "27": 0.037037037037037035,
        "28": 0.08035714285714286,
        "29": 0.008620689655172414,
        "30": 0.008333333333333333,
        "31": 0.008064516129032258,
        "32": 0.0078125,
        "33": 0.007575757575757576,
        "34": 0.007352941176470588,
        "35": 0.007142857142857143,
        "36": 0.006944444444444444,
        "37": 0.02702702702702703,
        "38": 0.006578947368421052,
        "39": 0.02564102564102564,
        "40": 0.00625
      }
    },
    "ood_41_80": {
      "process": 0.0004310344827586207,
      "terminal": 0.0,
      "exact": 0.0,
      "final_answer_accuracy": 0.0,
      "full_trace_exact_match": 0.0,
      "step_accuracy": 0.9415170617105157,
      "mean_step_reward": 0.009112101360858667,
      "prefix_accuracy": 0.0,
      "step_accuracy_by_length": {
        "41": 0.018292682926829267,
        "42": 0.005952380952380952,
        "43": 0.005813953488372093,
        "44": 0.011627906976744186,
        "45": 0.022222222222222223,
        "46": 0.005434782608695652,
        "47": 0.015957446808510637,
        "48": 0.005208333333333333,
        "49": 0.00510204081632653,
        "50": 0.01020408163265306,
        "51": 0.014705882352941176,
        "52": 0.004807692307692308,
        "53": 0.01020408163265306,
        "54": 0.019230769230769232,
        "55": 0.01818181818181818,
        "56": 0.004464285714285714,
        "57": 0.0043859649122807015,
        "58": 0.03017241379310345,
        "59": 0.01694915254237288,
        "60": 0.016666666666666666,
        "61": 0.004098360655737705,
        "62": 0.004032258064516129,
        "63": 0.015873015873015872,
        "64": 0.015625,
        "65": 0.0,
        "66": 0.003787878787878788,
        "67": 0.0037313432835820895,
        "68": 0.003676470588235294,
        "69": 0.011538461538461539,
        "70": 0.0035714285714285713,
        "71": 0.0,
        "72": 0.003472222222222222,
        "73": 0.0136986301369863,
        "74": 0.013513513513513514,
        "75": 0.0,
        "76": 0.003289473684210526,
        "77": 0.003246753246753247,
        "78": 0.003205128205128205,
        "79": 0.0031645569620253164,
        "80": 0.009375
      }
    },
    "ood_81_160": {
      "process": 0.001405576401915858,
      "terminal": 0.0,
      "exact": 0.0,
      "final_answer_accuracy": 0.0,
      "full_trace_exact_match": 0.0,
      "step_accuracy": 0.8847067107122317,
      "mean_step_reward": 0.005267015524478306,
      "prefix_accuracy": 8.992805755395684e-05,
      "step_accuracy_by_length": {
        "81": 0.0030864197530864196,
        "82": 0.0,
        "83": 0.0030120481927710845,
        "84": 0.002976190476190476,
        "85": 0.011764705882352941,
        "86": 0.0,
        "87": 0.0028735632183908046,
        "88": 0.002840909090909091,
        "89": 0.011235955056179775,
        "90": 0.002777777777777778,
        "91": 0.01098901098901099,
        "92": 0.008152173913043478,
        "93": 0.002688172043010753,
        "94": 0.010869565217391304,
        "95": 0.010526315789473684,
        "96": 0.0078125,
        "97": 0.002577319587628866,
        "98": 0.01020408163265306,
        "99": 0.00510204081632653,
        "100": 0.0,
        "101": 0.0,
        "102": 0.0024509803921568627,
        "103": 0.0,
        "104": 0.007042253521126761,
        "105": 0.009523809523809525,
        "106": 0.0023584905660377358,
        "107": 0.011682242990654205,
        "108": 0.0023148148148148147,
        "109": 0.0022935779816513763,
        "110": 0.0,
        "111": 0.0022522522522522522,
        "112": 0.013392857142857142,
        "113": 0.0022123893805309734,
        "114": 0.008849557522123894,
        "115": 0.006521739130434782,
        "116": 0.0021551724137931034,
        "117": 0.008547008547008548,
        "118": 0.0211864406779661,
        "119": 0.0,
        "120": 0.0020833333333333333,
        "121": 0.0048543689320388345,
        "122": 0.006147540983606557,
        "123": 0.0020325203252032522,
        "124": 0.0020161290322580645,
        "125": 0.0,
        "126": 0.001984126984126984,
        "127": 0.01,
        "128": 0.005859375,
        "129": 0.0,
        "130": 0.0019230769230769232,
        "131": 0.009689922480620155,
        "132": 0.04411764705882353,
        "133": 0.0018796992481203006,
        "134": 0.0018656716417910447,
        "135": 0.0,
        "136": 0.0,
        "137": 0.0018248175182481751,
        "138": 0.0036496350364963502,
        "139": 0.008992805755395683,
        "140": 0.007142857142857143,
        "141": 0.0036231884057971015,
        "142": 0.0017605633802816902,
        "143": 0.010638297872340425,
        "144": 0.02097902097902098,
        "145": 0.003472222222222222,
        "146": 0.0,
        "147": 0.015517241379310345,
        "148": 0.0,
        "149": 0.010135135135135136,
        "150": 0.0016666666666666668,
        "151": 0.0016556291390728477,
        "152": 0.006578947368421052,
        "153": 0.0016339869281045752,
        "154": 0.0016233766233766235,
        "155": 0.0016129032258064516,
        "156": 0.0026041666666666665,
        "157": 0.006369426751592357,
        "158": 0.0015822784810126582,
        "159": 0.0015723270440251573,
        "160": 0.0
      }
    },
    "ood_161_320": {
      "process": 0.001599972291795376,
      "terminal": 0.0,
      "exact": 0.0,
      "final_answer_accuracy": 0.0,
      "full_trace_exact_match": 0.0,
      "step_accuracy": 0.6893653132334491,
      "mean_step_reward": 0.004137276801016519,
      "prefix_accuracy": 0.0,
      "step_accuracy_by_length": {
        "161": 0.0,
        "162": 0.006172839506172839,
        "163": 0.0015337423312883436,
        "164": 0.013719512195121951,
        "165": 0.0,