{
  "step": 250,
  "train": {
    "loss": 0.3122970461845398,
    "policy_loss": 0.3122970461845398,
    "entropy": 6.794789791107178,
    "reward": 0.0068359375,
    "rollout_count": 8.0,
    "generated_tokens_mean": 64.0,
    "cot_tokens_mean": 64.0,
    "cot_tokens_total": 512.0,
    "cot_match_accuracy": 0.0,
    "cot_match_percent": 0.0,
    "process_match_accuracy": 0.0,
    "process_match_percent": 0.0,
    "output_match_accuracy": 0.0,
    "output_match_percent": 0.0,
    "exact_match_accuracy": 0.0,
    "exact_match_percent": 0.0,
    "terminal_reward": 0.0,
    "sequence_process_reward": 0.0,
    "dense_process_reward": 0.037202380952380945,
    "mean_step_reward": 0.037202380952380945,
    "number_of_correct_steps": 0.0,
    "number_of_generated_steps": 64.0,
    "number_of_oracle_steps": 15.5,
    "step_alignment_accuracy": 1.0,
    "total_reward": 0.07440476190476189,
    "curriculum_stage": 0.0,
    "train_min_len": 1.0,
    "train_max_len": 40.0,
    "generation_max_new_tokens": 64.0,
    "generation_temperature": 0.3
  },
  "eval": {
    "train_1_40": {
      "process": 0.0,
      "terminal": 0.025,
      "exact": 0.0,
      "final_answer_accuracy": 0.025,
      "full_trace_exact_match": 0.0,
      "step_accuracy": 0.9876644736842104,
      "mean_step_reward": 0.05297646853677623,
      "prefix_accuracy": 0.0,
      "step_accuracy_by_length": {
        "1": 0.25,
        "2": 0.125,
        "3": 0.08333333333333333,
        "4": 0.0625,
        "5": 0.2,
        "6": 0.041666666666666664,
        "7": 0.14285714285714285,
        "8": 0.03125,
        "9": 0.027777777777777776,
        "10": 0.025,
        "11": 0.13636363636363635,
        "12": 0.14583333333333334,
        "13": 0.019230769230769232,
        "14": 0.16071428571428573,
        "15": 0.016666666666666666,
        "16": 0.109375,
        "17": 0.014705882352941176,
        "18": 0.013888888888888888,
        "19": 0.013157894736842105,
        "20": 0.0125,
        "21": 0.011904761904761904,
        "22": 0.06818181818181818,
        "23": 0.010869565217391304,
        "24": 0.03125,
        "25": 0.03,
        "26": 0.009615384615384616,
        "27": 0.037037037037037035,
        "28": 0.026785714285714284,
        "29": 0.034482758620689655,
        "30": 0.03333333333333333,
        "31": 0.008064516129032258,
        "32": 0.0078125,
        "33": 0.05303030303030303,
        "34": 0.007352941176470588,
        "35": 0.007142857142857143,
        "36": 0.020833333333333332,
        "37": 0.006756756756756757,
        "38": 0.0,
        "39": 0.02564102564102564,
        "40": 0.05714285714285714
      }
    },
    "ood_41_80": {
      "process": 0.001595809776613348,
      "terminal": 0.0,
      "exact": 0.0,
      "final_answer_accuracy": 0.0,
      "full_trace_exact_match": 0.0,
      "step_accuracy": 0.8965257131713564,
      "mean_step_reward": 0.01122505480551766,
      "prefix_accuracy": 0.0,
      "step_accuracy_by_length": {
        "41": 0.006097560975609756,
        "42": 0.005952380952380952,
        "43": 0.0,
        "44": 0.005681818181818182,
        "45": 0.022222222222222223,
        "46": 0.005434782608695652,
        "47": 0.005319148936170213,
        "48": 0.015625,
        "49": 0.030612244897959183,
        "50": 0.0,
        "51": 0.004901960784313725,
        "52": 0.014423076923076924,
        "53": 0.0330188679245283,
        "54": 0.0,
        "55": 0.0,
        "56": 0.017857142857142856,
        "57": 0.013157894736842105,
        "58": 0.017241379310344827,
        "59": 0.01694915254237288,
        "60": 0.0,
        "61": 0.004098360655737705,
        "62": 0.016129032258064516,
        "63": 0.015873015873015872,
        "64": 0.015625,
        "65": 0.026923076923076925,
        "66": 0.022727272727272728,
        "67": 0.0037313432835820895,
        "68": 0.003676470588235294,
        "69": 0.018115942028985508,
        "70": 0.02142857142857143,
        "71": 0.0035211267605633804,
        "72": 0.003472222222222222,
        "73": 0.0136986301369863,
        "74": 0.013513513513513514,
        "75": 0.01,
        "76": 0.003289473684210526,
        "77": 0.003246753246753247,
        "78": 0.009615384615384616,
        "79": 0.01644736842105263,
        "80": 0.009375
      }
    },
    "ood_81_160": {
      "process": 0.002578409571183797,
      "terminal": 0.0,
      "exact": 0.0,
      "final_answer_accuracy": 0.0,
      "full_trace_exact_match": 0.0,
      "step_accuracy": 0.8878729424008462,
      "mean_step_reward": 0.006426685902390934,
      "prefix_accuracy": 0.0,
      "step_accuracy_by_length": {
        "81": 0.027777777777777776,
        "82": 0.003048780487804878,
        "83": 0.0030120481927710845,
        "84": 0.0,
        "85": 0.024096385542168676,
        "86": 0.00872093023255814,
        "87": 0.011494252873563218,
        "88": 0.028409090909090908,
        "89": 0.011235955056179775,
        "90": 0.008620689655172414,
        "91": 0.0,
        "92": 0.0,
        "93": 0.016129032258064516,
        "94": 0.0026595744680851063,
        "95": 0.018421052631578946,
        "96": 0.0078125,
        "97": 0.002577319587628866,
        "98": 0.002551020408163265,
        "99": 0.010101010101010102,
        "100": 0.02295918367346939,
        "101": 0.0,
        "102": 0.00980392156862745,
        "103": 0.0024271844660194173,
        "104": 0.002403846153846154,
        "105": 0.002380952380952381,
        "106": 0.009433962264150943,
        "107": 0.009345794392523364,
        "108": 0.0023148148148148147,
        "109": 0.0022935779816513763,
        "110": 0.011467889908256881,
        "111": 0.0,
        "112": 0.008928571428571428,
        "113": 0.0022123893805309734,
        "114": 0.0021929824561403508,
        "115": 0.008695652173913044,
        "116": 0.010775862068965518,
        "117": 0.008547008547008548,
        "118": 0.0,
        "119": 0.008771929824561403,
        "120": 0.008426966292134831,
        "121": 0.002066115702479339,
        "122": 0.0,
        "123": 0.0,
        "124": 0.006048387096774193,
        "125": 0.004032258064516129,
        "126": 0.001984126984126984,
        "127": 0.001968503937007874,
        "128": 0.006097560975609756,
        "129": 0.001937984496124031,
        "130": 0.013461538461538462,
        "131": 0.015625,
        "132": 0.005681818181818182,
        "133": 0.0018796992481203006,
        "134": 0.011363636363636364,
        "135": 0.020370370370370372,
        "136": 0.001838235294117647,
        "137": 0.005474452554744526,
        "138": 0.005434782608695652,
        "139": 0.0017985611510791368,
        "140": 0.0,
        "141": 0.0017730496453900709,
        "142": 0.0017605633802816902,
        "143": 0.007042253521126761,
        "144": 0.006944444444444444,
        "145": 0.008620689655172414,
        "146": 0.0017123287671232876,
        "147": 0.010344827586206896,
        "148": 0.01020408163265306,
        "149": 0.0,
        "150": 0.0016666666666666668,
        "151": 0.0016556291390728477,
        "152": 0.001644736842105263,
        "153": 0.006578947368421052,
        "154": 0.006493506493506494,
        "155": 0.0,
        "156": 0.0016025641025641025,
        "157": 0.0015923566878980893,
        "158": 0.006329113924050633,
        "159": 0.00949367088607595,
        "160": 0.0015625
      }
    },
    "ood_161_320": {
      "process": 0.0020617039528788446,
      "terminal": 0.0,
      "exact": 0.0,
      "final_answer_accuracy": 0.0,
      "full_trace_exact_match": 0.0,
      "step_accuracy": 0.7277225396583787,
      "mean_step_reward": 0.0031398384705245094,
      "prefix_accuracy": 2.385496183206107e-05,
      "step_accuracy_by_length": {
        "161": 0.00625,
        "162": 0.0015432098765432098,
        "163": 0.006134969325153374,
        "164": 0.001524390243902439,
        "165": 0.003048780487804878,
        "166": 0.006024096385542169,
        "167": 0.0046875,
        "168": 0.0030120481927710845,