{
  "step": 200,
  "train": {
    "loss": 0.15116341412067413,
    "policy_loss": 0.15116341412067413,
    "entropy": 6.796512603759766,
    "reward": 0.00537109375,
    "rollout_count": 8.0,
    "generated_tokens_mean": 64.0,
    "cot_tokens_mean": 61.0,
    "cot_tokens_total": 488.0,
    "cot_match_accuracy": 0.0,
    "cot_match_percent": 0.0,
    "process_match_accuracy": 0.0,
    "process_match_percent": 0.0,
    "output_match_accuracy": 0.0,
    "output_match_percent": 0.0,
    "exact_match_accuracy": 0.0,
    "exact_match_percent": 0.0,
    "terminal_reward": 0.0,
    "sequence_process_reward": 0.0,
    "dense_process_reward": 0.012751436781609195,
    "mean_step_reward": 0.012828407224958949,
    "number_of_correct_steps": 0.0,
    "number_of_generated_steps": 61.0,
    "number_of_oracle_steps": 26.5,
    "step_alignment_accuracy": 0.9956896551724138,
    "total_reward": 0.02550287356321839,
    "curriculum_stage": 0.0,
    "train_min_len": 1.0,
    "train_max_len": 40.0,
    "generation_max_new_tokens": 64.0,
    "generation_temperature": 0.3
  },
  "eval": {
    "train_1_40": {
      "process": 0.0011363636363636363,
      "terminal": 0.0,
      "exact": 0.0,
      "final_answer_accuracy": 0.0,
      "full_trace_exact_match": 0.0,
      "step_accuracy": 0.9770976837254425,
      "mean_step_reward": 0.04887590700163634,
      "prefix_accuracy": 0.0,
      "step_accuracy_by_length": {
        "1": 0.25,
        "2": 0.25,
        "3": 0.08333333333333333,
        "4": 0.0625,
        "5": 0.05,
        "6": 0.041666666666666664,
        "7": 0.25,
        "8": 0.125,
        "9": 0.08333333333333333,
        "10": 0.025,
        "11": 0.022727272727272728,
        "12": 0.020833333333333332,
        "13": 0.07692307692307693,
        "14": 0.017857142857142856,
        "15": 0.016666666666666666,
        "16": 0.015625,
        "17": 0.014705882352941176,
        "18": 0.013888888888888888,
        "19": 0.029411764705882353,
        "20": 0.0125,
        "21": 0.011904761904761904,
        "22": 0.045454545454545456,
        "23": 0.010869565217391304,
        "24": 0.0,
        "25": 0.01,
        "26": 0.028846153846153848,
        "27": 0.009259259259259259,
        "28": 0.026785714285714284,
        "29": 0.008620689655172414,
        "30": 0.03333333333333333,
        "31": 0.041666666666666664,
        "32": 0.0390625,
        "33": 0.030303030303030304,
        "34": 0.058823529411764705,
        "35": 0.014705882352941176,
        "36": 0.006944444444444444,
        "37": 0.02702702702702703,
        "38": 0.02631578947368421,
        "39": 0.02564102564102564,
        "40": 0.0375
      }
    },
    "ood_41_80": {
      "process": 0.000510204081632653,
      "terminal": 0.0,
      "exact": 0.0,
      "final_answer_accuracy": 0.0,
      "full_trace_exact_match": 0.0,
      "step_accuracy": 0.970748567848192,
      "mean_step_reward": 0.012314350169900252,
      "prefix_accuracy": 0.0,
      "step_accuracy_by_length": {
        "41": 0.006097560975609756,
        "42": 0.03571428571428571,
        "43": 0.005813953488372093,
        "44": 0.005681818181818182,
        "45": 0.005555555555555556,
        "46": 0.021739130434782608,
        "47": 0.015957446808510637,
        "48": 0.0,
        "49": 0.020833333333333332,
        "50": 0.02,
        "51": 0.004901960784313725,
        "52": 0.014423076923076924,
        "53": 0.018867924528301886,
        "54": 0.013888888888888888,
        "55": 0.031818181818181815,
        "56": 0.017857142857142856,
        "57": 0.013157894736842105,
        "58": 0.004310344827586207,
        "59": 0.038135593220338986,
        "60": 0.016666666666666666,
        "61": 0.004098360655737705,
        "62": 0.028225806451612902,
        "63": 0.003968253968253968,
        "64": 0.00390625,
        "65": 0.0038461538461538464,
        "66": 0.011363636363636364,
        "67": 0.0037313432835820895,
        "68": 0.025735294117647058,
        "69": 0.010869565217391304,
        "70": 0.0035714285714285713,
        "71": 0.014084507042253521,
        "72": 0.011363636363636364,
        "73": 0.003424657534246575,
        "74": 0.0033783783783783786,
        "75": 0.013888888888888888,
        "76": 0.010135135135135136,
        "77": 0.003246753246753247,
        "78": 0.016025641025641024,
        "79": 0.0031645569620253164,
        "80": 0.003125
      }
    },
    "ood_81_160": {
      "process": 0.0018117228992977075,
      "terminal": 0.0,
      "exact": 0.0,
      "final_answer_accuracy": 0.0,
      "full_trace_exact_match": 0.0,
      "step_accuracy": 0.9250390485123843,
      "mean_step_reward": 0.0075796592303852646,
      "prefix_accuracy": 0.0,
      "step_accuracy_by_length": {
        "81": 0.016025641025641024,
        "82": 0.018292682926829267,
        "83": 0.015432098765432098,
        "84": 0.011904761904761904,
        "85": 0.038461538461538464,
        "86": 0.0029069767441860465,
        "87": 0.017241379310344827,
        "88": 0.011363636363636364,
        "89": 0.0028089887640449437,
        "90": 0.011111111111111112,
        "91": 0.0027472527472527475,
        "92": 0.013888888888888888,
        "93": 0.010752688172043012,
        "94": 0.0026595744680851063,
        "95": 0.010526315789473684,
        "96": 0.0078125,
        "97": 0.002577319587628866,
        "98": 0.002551020408163265,
        "99": 0.010101010101010102,
        "100": 0.0025,
        "101": 0.007425742574257425,
        "102": 0.005,
        "103": 0.0,
        "104": 0.002403846153846154,
        "105": 0.01201923076923077,
        "106": 0.0023584905660377358,
        "107": 0.0047169811320754715,
        "108": 0.006944444444444444,
        "109": 0.0022935779816513763,
        "110": 0.0045871559633027525,
        "111": 0.020454545454545454,
        "112": 0.12155963302752294,
        "113": 0.008849557522123894,
        "114": 0.0021929824561403508,
        "115": 0.002173913043478261,
        "116": 0.0021551724137931034,
        "117": 0.002136752136752137,
        "118": 0.00847457627118644,
        "119": 0.0021008403361344537,
        "120": 0.0,
        "121": 0.002066115702479339,
        "122": 0.010330578512396695,
        "123": 0.0,
        "124": 0.008064516129032258,
        "125": 0.002,
        "126": 0.005952380952380952,
        "127": 0.01984126984126984,
        "128": 0.007874015748031496,
        "129": 0.0,
        "130": 0.011627906976744186,
        "131": 0.0019083969465648854,
        "132": 0.0,
        "133": 0.005639097744360902,
        "134": 0.005639097744360902,
        "135": 0.007407407407407408,
        "136": 0.0024509803921568627,
        "137": 0.0018248175182481751,
        "138": 0.009328358208955223,
        "139": 0.0017985611510791368,
        "140": 0.0037593984962406013,
        "141": 0.0072992700729927005,
        "142": 0.0035714285714285713,
        "143": 0.008,
        "144": 0.001736111111111111,
        "145": 0.0017241379310344827,
        "146": 0.0,
        "147": 0.0017006802721088435,
        "148": 0.00510204081632653,
        "149": 0.0016778523489932886,
        "150": 0.0016666666666666668,
        "151": 0.0,
        "152": 0.006578947368421052,
        "153": 0.004901960784313725,
        "154": 0.0016233766233766235,
        "155": 0.0,
        "156": 0.0,
        "157": 0.006369426751592357,
        "158": 0.004746835443037975,
        "159": 0.0015723270440251573,
        "160": 0.011075949367088608
      }
    },
    "ood_161_320": {
      "process": 0.0015965690486391432,
      "terminal": 0.0,
      "exact": 0.0,
      "final_answer_accuracy": 0.0,
      "full_trace_exact_match": 0.0,
      "step_accuracy": 0.7119608915723268,
      "mean_step_reward": 0.0028209264875913463,
      "prefix_accuracy": 2.729257641921397e-05,
      "step_accuracy_by_length": {
        "161": 0.0015527950310559005,
        "162": 0.0015432098765432098,
        "163": 0.010736196319018405,
        "164": 0.0,
        "165": 0.004545454545454545,