{
  "step": 300,
  "train": {
    "loss": 0.3913055658340454,
    "policy_loss": 0.3913055658340454,
    "entropy": 6.78751277923584,
    "reward": 0.0087890625,
    "rollout_count": 8.0,
    "generated_tokens_mean": 64.0,
    "cot_tokens_mean": 64.0,
    "cot_tokens_total": 512.0,
    "cot_match_accuracy": 0.004807692307692308,
    "cot_match_percent": 0.4807692307692308,
    "process_match_accuracy": 0.004807692307692308,
    "process_match_percent": 0.4807692307692308,
    "output_match_accuracy": 0.0,
    "output_match_percent": 0.0,
    "exact_match_accuracy": 0.0,
    "exact_match_percent": 0.0,
    "terminal_reward": 0.0,
    "sequence_process_reward": 0.004807692307692308,
    "dense_process_reward": 0.05368589743589744,
    "mean_step_reward": 0.05388621794871795,
    "number_of_correct_steps": 0.0,
    "number_of_generated_steps": 64.0,
    "number_of_oracle_steps": 16.0,
    "step_alignment_accuracy": 0.9903846153846154,
    "total_reward": 0.10737179487179488,
    "curriculum_stage": 0.0,
    "train_min_len": 1.0,
    "train_max_len": 40.0,
    "generation_max_new_tokens": 64.0,
    "generation_temperature": 0.3
  },
  "eval": {
    "train_1_40": {
      "process": 0.0021491228070175438,
      "terminal": 0.0,
      "exact": 0.0,
      "final_answer_accuracy": 0.0,
      "full_trace_exact_match": 0.0,
      "step_accuracy": 0.9914629595550648,
      "mean_step_reward": 0.05969503816887132,
      "prefix_accuracy": 0.0008333333333333333,
      "step_accuracy_by_length": {
        "1": 0.25,
        "2": 0.25,
        "3": 0.08333333333333333,
        "4": 0.0625,
        "5": 0.35,
        "6": 0.041666666666666664,
        "7": 0.03571428571428571,
        "8": 0.03125,
        "9": 0.08333333333333333,
        "10": 0.025,
        "11": 0.25,
        "12": 0.020833333333333332,
        "13": 0.0,
        "14": 0.05357142857142857,
        "15": 0.06666666666666667,
        "16": 0.0625,
        "17": 0.014705882352941176,
        "18": 0.013888888888888888,
        "19": 0.09210526315789473,
        "20": 0.05,
        "21": 0.047619047619047616,
        "22": 0.011363636363636364,
        "23": 0.05434782608695652,
        "24": 0.010416666666666666,
        "25": 0.01,
        "26": 0.009615384615384616,
        "27": 0.009259259259259259,
        "28": 0.008928571428571428,
        "29": 0.0603448275862069,
        "30": 0.06666666666666667,
        "31": 0.04838709677419355,
        "32": 0.0390625,
        "33": 0.046875,
        "34": 0.007352941176470588,
        "35": 0.02142857142857143,
        "36": 0.0,
        "37": 0.006756756756756757,
        "38": 0.041666666666666664,
        "39": 0.02564102564102564,
        "40": 0.025
      }
    },
    "ood_41_80": {
      "process": 0.0030997304757486286,
      "terminal": 0.0,
      "exact": 0.0,
      "final_answer_accuracy": 0.0,
      "full_trace_exact_match": 0.0,
      "step_accuracy": 0.9931731131667452,
      "mean_step_reward": 0.019731988351500862,
      "prefix_accuracy": 0.0,
      "step_accuracy_by_length": {
        "41": 0.006097560975609756,
        "42": 0.041666666666666664,
        "43": 0.005813953488372093,
        "44": 0.005681818181818182,
        "45": 0.022222222222222223,
        "46": 0.016304347826086956,
        "47": 0.005319148936170213,
        "48": 0.026041666666666668,
        "49": 0.00510204081632653,
        "50": 0.02,
        "51": 0.004901960784313725,
        "52": 0.004807692307692308,
        "53": 0.02403846153846154,
        "54": 0.004629629629629629,
        "55": 0.004545454545454545,
        "56": 0.026785714285714284,
        "57": 0.013392857142857142,
        "58": 0.017241379310344827,
        "59": 0.03879310344827586,
        "60": 0.00847457627118644,
        "61": 0.00847457627118644,
        "62": 0.029166666666666667,
        "63": 0.003968253968253968,
        "64": 0.015625,
        "65": 0.0038461538461538464,
        "66": 0.015151515151515152,
        "67": 0.03076923076923077,
        "68": 0.2536764705882353,
        "69": 0.011194029850746268,
        "70": 0.014285714285714285,
        "71": 0.014084507042253521,
        "72": 0.018115942028985508,
        "73": 0.003424657534246575,
        "74": 0.0033783783783783786,
        "75": 0.023333333333333334,
        "76": 0.013157894736842105,
        "77": 0.003246753246753247,
        "78": 0.009615384615384616,
        "79": 0.0031645569620253164,
        "80": 0.00974025974025974
      }
    },
    "ood_81_160": {
      "process": 0.0024883781952675177,
      "terminal": 0.0,
      "exact": 0.0,
      "final_answer_accuracy": 0.0,
      "full_trace_exact_match": 0.0,
      "step_accuracy": 0.932395393242438,
      "mean_step_reward": 0.006134707450056379,
      "prefix_accuracy": 0.0,
      "step_accuracy_by_length": {
        "81": 0.0030864197530864196,
        "82": 0.003048780487804878,
        "83": 0.0,
        "84": 0.002976190476190476,
        "85": 0.01488095238095238,
        "86": 0.0029069767441860465,
        "87": 0.00872093023255814,
        "88": 0.0,
        "89": 0.0028089887640449437,
        "90": 0.002777777777777778,
        "91": 0.0027472527472527475,
        "92": 0.0,
        "93": 0.002688172043010753,
        "94": 0.010869565217391304,
        "95": 0.010526315789473684,
        "96": 0.0078125,
        "97": 0.01358695652173913,
        "98": 0.014044943820224719,
        "99": 0.0,
        "100": 0.0025,
        "101": 0.009900990099009901,
        "102": 0.014705882352941176,
        "103": 0.01699029126213592,
        "104": 0.0048543689320388345,
        "105": 0.014285714285714285,
        "106": 0.0023584905660377358,
        "107": 0.0,
        "108": 0.0023148148148148147,
        "109": 0.009345794392523364,
        "110": 0.0,
        "111": 0.0022522522522522522,
        "112": 0.006756756756756757,
        "113": 0.0022123893805309734,
        "114": 0.010964912280701754,
        "115": 0.008695652173913044,
        "116": 0.0021551724137931034,
        "117": 0.008547008547008548,
        "118": 0.015350877192982455,
        "119": 0.008403361344537815,
        "120": 0.00625,
        "121": 0.002066115702479339,
        "122": 0.014583333333333334,
        "123": 0.004132231404958678,
        "124": 0.006048387096774193,
        "125": 0.010416666666666666,
        "126": 0.0,
        "127": 0.012096774193548387,
        "128": 0.001953125,
        "129": 0.006756756756756757,
        "130": 0.0,
        "131": 0.0057251908396946565,
        "132": 0.007575757575757576,
        "133": 0.0018796992481203006,
        "134": 0.0020325203252032522,
        "135": 0.013157894736842105,
        "136": 0.007352941176470588,
        "137": 0.01824817518248175,
        "138": 0.005434782608695652,
        "139": 0.007936507936507936,
        "140": 0.0125,
        "141": 0.012681159420289856,
        "142": 0.010638297872340425,
        "143": 0.006993006993006993,
        "144": 0.006944444444444444,
        "145": 0.006896551724137931,
        "146": 0.0017123287671232876,
        "147": 0.00510204081632653,
        "148": 0.0016891891891891893,
        "149": 0.0016778523489932886,
        "150": 0.011824324324324325,
        "151": 0.0016556291390728477,
        "152": 0.006622516556291391,
        "153": 0.004901960784313725,
        "154": 0.0032679738562091504,
        "155": 0.0016129032258064516,
        "156": 0.00641025641025641,
        "157": 0.0015923566878980893,
        "158": 0.0015822784810126582,
        "159": 0.0031847133757961785,
        "160": 0.0015625
      }
    },
    "ood_161_320": {
      "process": 0.0018759315038560387,
      "terminal": 0.0,
      "exact": 0.0,
      "final_answer_accuracy": 0.0,
      "full_trace_exact_match": 0.0,
      "step_accuracy": 0.6914361942692231,
      "mean_step_reward": 0.004900601551229894,
      "prefix_accuracy": 0.0,
      "step_accuracy_by_length": {
        "161": 0.0,
        "162": 0.0015432098765432098,
        "163": 0.004601226993865031,