{
  "step": 150,
  "train": {
    "loss": 0.3191715180873871,
    "policy_loss": 0.3191715180873871,
    "entropy": 6.806614398956299,
    "reward": 0.00927734375,
    "rollout_count": 8.0,
    "generated_tokens_mean": 63.875,
    "cot_tokens_mean": 53.875,
    "cot_tokens_total": 431.0,
    "cot_match_accuracy": 0.004310344827586207,
    "cot_match_percent": 0.43103448275862066,
    "process_match_accuracy": 0.004310344827586207,
    "process_match_percent": 0.43103448275862066,
    "output_match_accuracy": 0.0,
    "output_match_percent": 0.0,
    "exact_match_accuracy": 0.0,
    "exact_match_percent": 0.0,
    "terminal_reward": 0.0,
    "sequence_process_reward": 0.004310344827586207,
    "dense_process_reward": 0.02579868154158215,
    "mean_step_reward": 0.026288877620013522,
    "number_of_correct_steps": 0.0,
    "number_of_generated_steps": 54.0,
    "number_of_oracle_steps": 23.0,
    "step_alignment_accuracy": 0.9264705882352942,
    "total_reward": 0.0515973630831643,
    "curriculum_stage": 0.0,
    "train_min_len": 1.0,
    "train_max_len": 40.0,
    "generation_max_new_tokens": 64.0,
    "generation_temperature": 0.3
  },
  "eval": {
    "train_1_40": {
      "process": 0.0,
      "terminal": 0.0,
      "exact": 0.0,
      "final_answer_accuracy": 0.0,
      "full_trace_exact_match": 0.0,
      "step_accuracy": 0.9916964285714285,
      "mean_step_reward": 0.044616724644423664,
      "prefix_accuracy": 0.0,
      "step_accuracy_by_length": {
        "1": 0.25,
        "2": 0.125,
        "3": 0.08333333333333333,
        "4": 0.0625,
        "5": 0.05,
        "6": 0.041666666666666664,
        "7": 0.03571428571428571,
        "8": 0.09375,
        "9": 0.027777777777777776,
        "10": 0.075,
        "11": 0.022727272727272728,
        "12": 0.020833333333333332,
        "13": 0.17307692307692307,
        "14": 0.017857142857142856,
        "15": 0.016666666666666666,
        "16": 0.0625,
        "17": 0.014705882352941176,
        "18": 0.013888888888888888,
        "19": 0.09210526315789473,
        "20": 0.0125,
        "21": 0.07142857142857142,
        "22": 0.011363636363636364,
        "23": 0.010869565217391304,
        "24": 0.021739130434782608,
        "25": 0.06,
        "26": 0.028846153846153848,
        "27": 0.06481481481481481,
        "28": 0.008928571428571428,
        "29": 0.034482758620689655,
        "30": 0.0,
        "31": 0.008064516129032258,
        "32": 0.0234375,
        "33": 0.030303030303030304,
        "34": 0.007352941176470588,
        "35": 0.0,
        "36": 0.006944444444444444,
        "37": 0.02702702702702703,
        "38": 0.046052631578947366,
        "39": 0.00641025641025641,
        "40": 0.025
      }
    },
    "ood_41_80": {
      "process": 0.00101242983159583,
      "terminal": 0.0,
      "exact": 0.0,
      "final_answer_accuracy": 0.0,
      "full_trace_exact_match": 0.0,
      "step_accuracy": 0.9323935833353569,
      "mean_step_reward": 0.010001719272855451,
      "prefix_accuracy": 0.0,
      "step_accuracy_by_length": {
        "41": 0.024390243902439025,
        "42": 0.005952380952380952,
        "43": 0.01744186046511628,
        "44": 0.005681818181818182,
        "45": 0.005555555555555556,
        "46": 0.005434782608695652,
        "47": 0.005319148936170213,
        "48": 0.005208333333333333,
        "49": 0.00510204081632653,
        "50": 0.005,
        "51": 0.015,
        "52": 0.004807692307692308,
        "53": 0.025,
        "54": 0.004629629629629629,
        "55": 0.004545454545454545,
        "56": 0.004464285714285714,
        "57": 0.017543859649122806,
        "58": 0.02586206896551724,
        "59": 0.01694915254237288,
        "60": 0.0125,
        "61": 0.012295081967213115,
        "62": 0.004032258064516129,
        "63": 0.03571428571428571,
        "64": 0.00390625,
        "65": 0.015384615384615385,
        "66": 0.015151515151515152,
        "67": 0.0037313432835820895,
        "68": 0.003676470588235294,
        "69": 0.0036231884057971015,
        "70": 0.0035714285714285713,
        "71": 0.010714285714285714,
        "72": 0.003472222222222222,
        "73": 0.0136986301369863,
        "74": 0.0,
        "75": 0.0,
        "76": 0.003289473684210526,
        "77": 0.03571428571428571,
        "78": 0.003205128205128205,
        "79": 0.0,
        "80": 0.0125
      }
    },
    "ood_81_160": {
      "process": 0.0011281464895193927,
      "terminal": 0.0,
      "exact": 0.0,
      "final_answer_accuracy": 0.0,
      "full_trace_exact_match": 0.0,
      "step_accuracy": 0.8772949705521942,
      "mean_step_reward": 0.003843702970316615,
      "prefix_accuracy": 0.0,
      "step_accuracy_by_length": {
        "81": 0.009259259259259259,
        "82": 0.012195121951219513,
        "83": 0.0030120481927710845,
        "84": 0.002976190476190476,
        "85": 0.0,
        "86": 0.00872093023255814,
        "87": 0.009146341463414634,
        "88": 0.002840909090909091,
        "89": 0.0028089887640449437,
        "90": 0.014204545454545454,
        "91": 0.0027472527472527475,
        "92": 0.010869565217391304,
        "93": 0.013888888888888888,
        "94": 0.0026595744680851063,
        "95": 0.0,
        "96": 0.0,
        "97": 0.002577319587628866,
        "98": 0.0,
        "99": 0.0025252525252525255,
        "100": 0.0025,
        "101": 0.0,
        "102": 0.007425742574257425,
        "103": 0.004901960784313725,
        "104": 0.002403846153846154,
        "105": 0.007352941176470588,
        "106": 0.0,
        "107": 0.007009345794392523,
        "108": 0.0023148148148148147,
        "109": 0.02142857142857143,
        "110": 0.0022727272727272726,
        "111": 0.0022522522522522522,
        "112": 0.0026595744680851063,
        "113": 0.0,
        "114": 0.0021929824561403508,
        "115": 0.002173913043478261,
        "116": 0.0021551724137931034,
        "117": 0.00646551724137931,
        "118": 0.00847457627118644,
        "119": 0.0021008403361344537,
        "120": 0.00625,
        "121": 0.008620689655172414,
        "122": 0.0020491803278688526,
        "123": 0.0,
        "124": 0.012096774193548387,
        "125": 0.002,
        "126": 0.001984126984126984,
        "127": 0.001968503937007874,
        "128": 0.004,
        "129": 0.0,
        "130": 0.0019230769230769232,
        "131": 0.0019083969465648854,
        "132": 0.005681818181818182,
        "133": 0.0,
        "134": 0.007462686567164179,
        "135": 0.001851851851851852,
        "136": 0.0055147058823529415,
        "137": 0.0018248175182481751,
        "138": 0.0018115942028985507,
        "139": 0.0,
        "140": 0.0017857142857142857,
        "141": 0.0017730496453900709,
        "142": 0.0,
        "143": 0.0017482517482517483,
        "144": 0.006944444444444444,
        "145": 0.006896551724137931,
        "146": 0.005136986301369863,
        "147": 0.0,
        "148": 0.008620689655172414,
        "149": 0.0,
        "150": 0.0016666666666666668,
        "151": 0.0016556291390728477,
        "152": 0.001644736842105263,
        "153": 0.0016339869281045752,
        "154": 0.0033112582781456954,
        "155": 0.0033112582781456954,
        "156": 0.0016025641025641025,
        "157": 0.0,
        "158": 0.0015822784810126582,
        "159": 0.0047169811320754715,
        "160": 0.0
      }
    },
    "ood_161_320": {
      "process": 0.0016882194270763592,
      "terminal": 0.0,
      "exact": 0.0,
      "final_answer_accuracy": 0.0,
      "full_trace_exact_match": 0.0,
      "step_accuracy": 0.6902233180538141,
      "mean_step_reward": 0.0038990461478475243,
      "prefix_accuracy": 0.0,
      "step_accuracy_by_length": {
        "161": 0.00949367088607595,
        "162": 0.0,
        "163": 0.0015337423312883436,
        "164": 0.001524390243902439,
        "165": 0.007621951219512195,
        "166": 0.004518072289156626,
        "167": 0.0,
        "168": 0.003048780487804878,
        "169": 0.0014792899408284023,