{
  "final_train_metrics": {
    "loss": 0.3913055658340454,
    "policy_loss": 0.3913055658340454,
    "entropy": 6.78751277923584,
    "reward": 0.0087890625,
    "rollout_count": 8.0,
    "generated_tokens_mean": 64.0,
    "cot_tokens_mean": 64.0,
    "cot_tokens_total": 512.0,
    "cot_match_accuracy": 0.004807692307692308,
    "cot_match_percent": 0.4807692307692308,
    "process_match_accuracy": 0.004807692307692308,
    "process_match_percent": 0.4807692307692308,
    "output_match_accuracy": 0.0,
    "output_match_percent": 0.0,
    "exact_match_accuracy": 0.0,
    "exact_match_percent": 0.0,
    "terminal_reward": 0.0,
    "sequence_process_reward": 0.004807692307692308,
    "dense_process_reward": 0.05368589743589744,
    "mean_step_reward": 0.05388621794871795,
    "number_of_correct_steps": 0.0,
    "number_of_generated_steps": 64.0,
    "number_of_oracle_steps": 16.0,
    "step_alignment_accuracy": 0.9903846153846154,
    "total_reward": 0.10737179487179488,
    "curriculum_stage": 0.0,
    "train_min_len": 1.0,
    "train_max_len": 40.0,
    "generation_max_new_tokens": 64.0,
    "generation_temperature": 0.3
  },
  "train_log_every": 25,
  "checkpoint": "runs/parity_grpo_dense_process_terminal_001/checkpoint.pt"
}