{
  "step": 150,
  "train": {
    "loss": -0.0,
    "policy_loss": -0.0,
    "entropy": 0.03423076868057251,
    "reward": 0.9593749046325684,
    "rollout_count": 8.0,
    "generated_tokens_mean": 25.0,
    "cot_tokens_mean": 23.0,
    "cot_tokens_total": 184.0,
    "cot_match_accuracy": 1.0,
    "cot_match_percent": 100.0,
    "process_match_accuracy": 1.0,
    "process_match_percent": 100.0,
    "output_match_accuracy": 1.0,
    "output_match_percent": 100.0,
    "exact_match_accuracy": 1.0,
    "exact_match_percent": 100.0,
    "terminal_reward": 1.0,
    "sequence_process_reward": 1.0,
    "dense_process_reward": 1.0,
    "mean_step_reward": 1.0,
    "number_of_correct_steps": 23.0,
    "number_of_generated_steps": 23.0,
    "number_of_oracle_steps": 23.0,
    "step_alignment_accuracy": 1.0,
    "total_reward": 3.0,
    "curriculum_stage": 0.0,
    "train_min_len": 1.0,
    "train_max_len": 40.0,
    "generation_max_new_tokens": 64.0,
    "generation_temperature": 0.3
  },
  "eval": {
    "train_1_40": {
      "process": 0.9751268919912496,
      "terminal": 0.875,
      "exact": 0.775,
      "final_answer_accuracy": 0.875,
      "full_trace_exact_match": 0.775,
      "step_accuracy": 0.9957574745074744,
      "mean_step_reward": 0.9828528928018576,
      "prefix_accuracy": 0.956903068561834,
      "step_accuracy_by_length": {
        "1": 1.0,
        "2": 1.0,
        "3": 1.0,
        "4": 1.0,
        "5": 1.0,
        "6": 1.0,
        "7": 1.0,
        "8": 1.0,
        "9": 1.0,
        "10": 1.0,
        "11": 1.0,
        "12": 1.0,
        "13": 1.0,
        "14": 1.0,
        "15": 1.0,
        "16": 1.0,
        "17": 1.0,
        "18": 1.0,
        "19": 1.0,
        "20": 1.0,
        "21": 1.0,
        "22": 1.0,
        "23": 1.0,
        "24": 1.0,
        "25": 1.0,
        "26": 0.95,
        "27": 1.0,
        "28": 1.0,
        "29": 1.0,
        "30": 1.0,
        "31": 1.0,
        "32": 0.953125,
        "33": 1.0,
        "34": 0.9852941176470589,
        "35": 0.9191176470588235,
        "36": 0.9722222222222222,
        "37": 0.7777777777777778,
        "38": 0.9078947368421053,
        "39": 0.9013157894736842,
        "40": 0.9473684210526315
      }
    },
    "ood_41_80": {
      "process": 0.5337758069325397,
      "terminal": 0.425,
      "exact": 0.0,
      "final_answer_accuracy": 0.425,
      "full_trace_exact_match": 0.0,
      "step_accuracy": 0.8647574678071448,
      "mean_step_reward": 0.6524931746596647,
      "prefix_accuracy": 0.13631849528155832,
      "step_accuracy_by_length": {
        "41": 0.7357142857142858,
        "42": 0.8928571428571429,
        "43": 0.831081081081081,
        "44": 0.7272727272727273,
        "45": 0.8285714285714286,
        "46": 0.6212121212121212,
        "47": 0.7840909090909091,
        "48": 0.5333333333333333,
        "49": 0.7777777777777778,
        "50": 0.6590909090909091,
        "51": 0.7295918367346939,
        "52": 0.7074468085106383,
        "53": 0.55,
        "54": 0.6968085106382979,
        "55": 0.6122448979591837,
        "56": 0.58,
        "57": 0.7598039215686274,
        "58": 0.671875,
        "59": 0.6136363636363636,
        "60": 0.6394230769230769,
        "61": 0.5775862068965517,
        "62": 0.6727272727272727,
        "63": 0.5964912280701754,
        "64": 0.5958333333333333,
        "65": 0.6101694915254238,
        "66": 0.5677966101694916,
        "67": 0.6352459016393442,
        "68": 0.64453125,
        "69": 0.5875,
        "70": 0.6163793103448276,
        "71": 0.5720338983050848,
        "72": 0.625,
        "73": 0.6166666666666667,
        "74": 0.55,
        "75": 0.6119402985074627,
        "76": 0.5985915492957746,
        "77": 0.6145833333333334,
        "78": 0.5970149253731343,
        "79": 0.6486486486486487,
        "80": 0.6091549295774648
      }
    },
    "ood_81_160": {
      "process": 0.5034497211223724,
      "terminal": 0.45,
      "exact": 0.0,
      "final_answer_accuracy": 0.45,
      "full_trace_exact_match": 0.0,
      "step_accuracy": 0.9007132681492255,
      "mean_step_reward": 0.5992463321030241,
      "prefix_accuracy": 0.028415011013422153,
      "step_accuracy_by_length": {
        "81": 0.625,
        "82": 0.6388888888888888,
        "83": 0.5727848101265823,
        "84": 0.5709876543209876,
        "85": 0.5933734939759037,
        "86": 0.5855263157894737,
        "87": 0.6232876712328768,
        "88": 0.5723684210526315,
        "89": 0.5813253012048193,
        "90": 0.6017441860465116,
        "91": 0.6190476190476191,
        "92": 0.6466666666666666,
        "93": 0.625,
        "94": 0.35,
        "95": 0.5909090909090909,
        "96": 0.6104651162790697,
        "97": 0.5967741935483871,
        "98": 0.5833333333333334,
        "99": 0.5887096774193549,
        "100": 0.6151685393258427,
        "101": 0.6368421052631579,
        "102": 0.5798969072164949,
        "103": 0.6067708333333334,
        "104": 0.6119791666666666,
        "105": 0.6129032258064516,
        "106": 0.5875,
        "107": 0.5688775510204082,
        "108": 0.5461165048543689,
        "109": 0.6212121212121212,
        "110": 0.6019417475728155,
        "111": 0.6064356435643564,
        "112": 0.5994897959183674,
        "113": 0.6113861386138614,
        "114": 0.6084905660377359,
        "115": 0.6404761904761904,
        "116": 0.5925925925925926,
        "117": 0.5970873786407767,
        "118": 0.5957943925233645,
        "119": 0.6103603603603603,
        "120": 0.6226415094339622,
        "121": 0.6273148148148148,
        "122": 0.5538793103448276,
        "123": 0.5966981132075472,
        "124": 0.6128318584070797,
        "125": 0.5745614035087719,
        "126": 0.6106194690265486,
        "127": 0.5862831858407079,
        "128": 0.5833333333333334,
        "129": 0.5978260869565217,
        "130": 0.614406779661017,
        "131": 0.6113445378151261,
        "132": 0.6261061946902655,
        "133": 0.5833333333333334,
        "134": 0.6270833333333333,
        "135": 0.5819672131147541,
        "136": 0.5911016949152542,
        "137": 0.5875,
        "138": 0.5963114754098361,
        "139": 0.5916666666666667,
        "140": 0.6150793650793651,
        "141": 0.5826771653543307,
        "142": 0.583984375,
        "143": 0.6192307692307693,
        "144": 0.5950413223140496,
        "145": 0.6052631578947368,
        "146": 0.5962962962962963,
        "147": 0.6076923076923076,
        "148": 0.6328125,
        "149": 0.6133093525179856,
        "150": 0.6123188405797102,
        "151": 0.6195652173913043,
        "152": 0.5979020979020979,
        "153": 0.6660714285714285,
        "154": 0.5894160583941606,
        "155": 0.6013986013986014,
        "156": 0.6503623188405797,
        "157": 0.581081081081081,
        "158": 0.613013698630137,
        "159": 0.5879310344827586,
        "160": 0.564935064935065
      }
    },
    "ood_161_320": {
      "process": 0.42006897855801606,
      "terminal": 0.00625,
      "exact": 0.0,
      "final_answer_accuracy": 0.00625,
      "full_trace_exact_match": 0.0,
      "step_accuracy": 0.7622435443437258,
      "mean_step_reward": 0.5625994482867726,
      "prefix_accuracy": 0.012109039083114616,
      "step_accuracy_by_length": {
        "161": 0.5867346938775511,
        "162": 0.579225352112676,
        "163": 0.5591216216216216,
        "164": 0.5711920529801324,
        "165": 0.6078767123287672,
        "166": 0.6028368794326241,
        "167": 0.5711920529801324,
        "168": 0.6125827814569537,
        "169": 0.5769230769230769,
        "170": 0.5760869565217391,
        "171": 0.6197183098591549,
        "172": 0.5911949685534591,
        "173": 0.5993589743589743,
        "174": 0.5723684210526315,
        "175": 0.5983870967741935,
        "176": 0.5668789808917197,
        "177": 0.5969387755102041,
        "178": 0.5916149068322981,
        "179": 0.5728476821192053,
        "180": 0.5822981366459627,