{
  "step": 50,
  "train": {
    "loss": -0.0009202694636769593,
    "policy_loss": -0.0009202694636769593,
    "entropy": 0.09989714622497559,
    "reward": 0.8679988384246826,
    "rollout_count": 8.0,
    "generated_tokens_mean": 36.5,
    "cot_tokens_mean": 34.5,
    "cot_tokens_total": 276.0,
    "cot_match_accuracy": 0.9245798319327732,
    "cot_match_percent": 92.45798319327731,
    "process_match_accuracy": 0.9245798319327732,
    "process_match_percent": 92.45798319327731,
    "output_match_accuracy": 0.125,
    "output_match_percent": 12.5,
    "exact_match_accuracy": 0.0,
    "exact_match_percent": 0.0,
    "terminal_reward": 0.125,
    "sequence_process_reward": 0.9245798319327732,
    "dense_process_reward": 0.9363970588235294,
    "mean_step_reward": 0.9494485294117647,
    "number_of_correct_steps": 30.0,
    "number_of_generated_steps": 34.5,
    "number_of_oracle_steps": 34.5,
    "step_alignment_accuracy": 0.9857142857142858,
    "total_reward": 1.9977941176470588,
    "curriculum_stage": 0.0,
    "train_min_len": 1.0,
    "train_max_len": 40.0,
    "generation_max_new_tokens": 64.0,
    "generation_temperature": 0.3
  },
  "eval": {
    "train_1_40": {
      "process": 0.9823758569015688,
      "terminal": 0.85,
      "exact": 0.75,
      "final_answer_accuracy": 0.85,
      "full_trace_exact_match": 0.75,
      "step_accuracy": 0.9963728632478632,
      "mean_step_reward": 0.9887112064826795,
      "prefix_accuracy": 0.9646319253254004,
      "step_accuracy_by_length": {
        "1": 1.0,
        "2": 1.0,
        "3": 1.0,
        "4": 1.0,
        "5": 1.0,
        "6": 1.0,
        "7": 1.0,
        "8": 1.0,
        "9": 1.0,
        "10": 1.0,
        "11": 1.0,
        "12": 1.0,
        "13": 1.0,
        "14": 1.0,
        "15": 1.0,
        "16": 1.0,
        "17": 1.0,
        "18": 1.0,
        "19": 1.0,
        "20": 1.0,
        "21": 1.0,
        "22": 1.0,
        "23": 1.0,
        "24": 0.967391304347826,
        "25": 1.0,
        "26": 1.0,
        "27": 1.0,
        "28": 1.0,
        "29": 0.9827586206896551,
        "30": 1.0,
        "31": 1.0,
        "32": 0.96875,
        "33": 1.0,
        "34": 0.9852941176470589,
        "35": 0.9714285714285714,
        "36": 0.9571428571428572,
        "37": 0.9459459459459459,
        "38": 0.881578947368421,
        "39": 0.9407894736842105,
        "40": 0.9473684210526315
      }
    },
    "ood_41_80": {
      "process": 0.5342464087217877,
      "terminal": 0.35,
      "exact": 0.0,
      "final_answer_accuracy": 0.35,
      "full_trace_exact_match": 0.0,
      "step_accuracy": 0.8814563991703146,
      "mean_step_reward": 0.653620128775366,
      "prefix_accuracy": 0.13464810501694752,
      "step_accuracy_by_length": {
        "41": 0.8378378378378378,
        "42": 0.8581081081081081,
        "43": 0.75,
        "44": 0.8680555555555556,
        "45": 0.7647058823529411,
        "46": 0.8308823529411765,
        "47": 0.7777777777777778,
        "48": 0.5921052631578947,
        "49": 0.686046511627907,
        "50": 0.6944444444444444,
        "51": 0.6122448979591837,
        "52": 0.7446808510638298,
        "53": 0.592391304347826,
        "54": 0.673469387755102,
        "55": 0.5625,
        "56": 0.665,
        "57": 0.6086956521739131,
        "58": 0.6792452830188679,
        "59": 0.6223404255319149,
        "60": 0.5535714285714286,
        "61": 0.5490196078431373,
        "62": 0.6698113207547169,
        "63": 0.5560344827586207,
        "64": 0.6226415094339622,
        "65": 0.6590909090909091,
        "66": 0.6059322033898306,
        "67": 0.58984375,
        "68": 0.6626984126984127,
        "69": 0.5819672131147541,
        "70": 0.5685483870967742,
        "71": 0.5921052631578947,
        "72": 0.6268115942028986,
        "73": 0.5645161290322581,
        "74": 0.5809859154929577,
        "75": 0.6014492753623188,
        "76": 0.6159420289855072,
        "77": 0.6521739130434783,
        "78": 0.6304347826086957,
        "79": 0.6321428571428571,
        "80": 0.6085526315789473
      }
    },
    "ood_81_160": {
      "process": 0.5132873094375345,
      "terminal": 0.4,
      "exact": 0.0,
      "final_answer_accuracy": 0.4,
      "full_trace_exact_match": 0.0,
      "step_accuracy": 0.9137814748165549,
      "mean_step_reward": 0.6072107779910477,
      "prefix_accuracy": 0.027589319979536304,
      "step_accuracy_by_length": {
        "81": 0.6493055555555556,
        "82": 0.6033333333333334,
        "83": 0.613013698630137,
        "84": 0.6305970149253731,
        "85": 0.5966666666666667,
        "86": 0.5733333333333334,
        "87": 0.5833333333333334,
        "88": 0.6203703703703703,
        "89": 0.6151315789473685,
        "90": 0.5791139240506329,
        "91": 0.6071428571428571,
        "92": 0.5977011494252874,
        "93": 0.6164772727272727,
        "94": 0.5755813953488372,
        "95": 0.5625,
        "96": 0.5930232558139535,
        "97": 0.6279761904761905,
        "98": 0.6388888888888888,
        "99": 0.5978260869565217,
        "100": 0.6155913978494624,
        "101": 0.6692708333333334,
        "102": 0.5747422680412371,
        "103": 0.6376404494382022,
        "104": 0.6107954545454546,
        "105": 0.6063829787234043,
        "106": 0.5790816326530612,
        "107": 0.5808823529411765,
        "108": 0.5642857142857143,
        "109": 0.6313131313131313,
        "110": 0.5975,
        "111": 0.6043689320388349,
        "112": 0.6074766355140186,
        "113": 0.5911214953271028,
        "114": 0.5902777777777778,
        "115": 0.6412037037037037,
        "116": 0.6824324324324325,
        "117": 0.5961538461538461,
        "118": 0.5882352941176471,
        "119": 0.6008771929824561,
        "120": 0.5990990990990991,
        "121": 0.6204545454545455,
        "122": 0.5810185185185185,
        "123": 0.5990990990990991,
        "124": 0.6132478632478633,
        "125": 0.5951327433628318,
        "126": 0.6165254237288136,
        "127": 0.6163793103448276,
        "128": 0.6047008547008547,
        "129": 0.6283783783783784,
        "130": 0.6398305084745762,
        "131": 0.6186440677966102,
        "132": 0.5833333333333334,
        "133": 0.6168032786885246,
        "134": 0.6181102362204725,
        "135": 0.5757575757575758,
        "136": 0.5854166666666667,
        "137": 0.6607142857142857,
        "138": 0.578,
        "139": 0.573076923076923,
        "140": 0.601145038167939,
        "141": 0.576171875,
        "142": 0.5995934959349594,
        "143": 0.5884615384615385,
        "144": 0.6092592592592593,
        "145": 0.635036496350365,
        "146": 0.6296296296296297,
        "147": 0.6279527559055118,
        "148": 0.6213235294117647,
        "149": 0.6105072463768116,
        "150": 0.6061643835616438,
        "151": 0.6158088235294118,
        "152": 0.6151079136690647,
        "153": 0.6313868613138686,
        "154": 0.5821428571428572,
        "155": 0.6128472222222222,
        "156": 0.6347517730496454,
        "157": 0.589041095890411,
        "158": 0.6301369863013698,
        "159": 0.5877483443708609,
        "160": 0.597972972972973
      }
    },
    "ood_161_320": {
      "process": 0.4182078104469742,
      "terminal": 0.0125,
      "exact": 0.0,
      "final_answer_accuracy": 0.0125,
      "full_trace_exact_match": 0.0,
      "step_accuracy": 0.7593173990460905,
      "mean_step_reward": 0.5636647302737161,
      "prefix_accuracy": 0.012338069020359017,
      "step_accuracy_by_length": {
        "161": 0.5867346938775511,
        "162": 0.5927152317880795,
        "163": 0.5758620689655173,
        "164": 0.5953947368421053,
        "165": 0.6003401360544217,
        "166": 0.5557432432432432,
        "167": 0.5562913907284768,
        "168": 0.6556291390728477,
        "169": 0.589041095890411,
        "170": 0.6029411764705882,
        "171": 0.6041666666666666,
        "172": 0.5854838709677419,
        "173": 0.5833333333333334,