{
  "step": 100,
  "train": {
    "loss": -0.0,
    "policy_loss": -0.0,
    "entropy": 0.0429035983979702,
    "reward": 0.9656177163124084,
    "rollout_count": 8.0,
    "generated_tokens_mean": 28.5,
    "cot_tokens_mean": 26.5,
    "cot_tokens_total": 212.0,
    "cot_match_accuracy": 1.0,
    "cot_match_percent": 100.0,
    "process_match_accuracy": 1.0,
    "process_match_percent": 100.0,
    "output_match_accuracy": 1.0,
    "output_match_percent": 100.0,
    "exact_match_accuracy": 1.0,
    "exact_match_percent": 100.0,
    "terminal_reward": 1.0,
    "sequence_process_reward": 1.0,
    "dense_process_reward": 1.0,
    "mean_step_reward": 1.0,
    "number_of_correct_steps": 26.5,
    "number_of_generated_steps": 26.5,
    "number_of_oracle_steps": 26.5,
    "step_alignment_accuracy": 1.0,
    "total_reward": 3.0,
    "curriculum_stage": 0.0,
    "train_min_len": 1.0,
    "train_max_len": 40.0,
    "generation_max_new_tokens": 64.0,
    "generation_temperature": 0.3
  },
  "eval": {
    "train_1_40": {
      "process": 0.9544939686677631,
      "terminal": 0.775,
      "exact": 0.675,
      "final_answer_accuracy": 0.775,
      "full_trace_exact_match": 0.675,
      "step_accuracy": 0.9915867523815004,
      "mean_step_reward": 0.9748637213673378,
      "prefix_accuracy": 0.9351788331935251,
      "step_accuracy_by_length": {
        "1": 1.0,
        "2": 1.0,
        "3": 1.0,
        "4": 1.0,
        "5": 1.0,
        "6": 1.0,
        "7": 1.0,
        "8": 1.0,
        "9": 1.0,
        "10": 1.0,
        "11": 1.0,
        "12": 1.0,
        "13": 1.0,
        "14": 1.0,
        "15": 1.0,
        "16": 1.0,
        "17": 1.0,
        "18": 1.0,
        "19": 1.0,
        "20": 1.0,
        "21": 1.0,
        "22": 1.0,
        "23": 1.0,
        "24": 1.0,
        "25": 1.0,
        "26": 1.0,
        "27": 1.0,
        "28": 0.9107142857142857,
        "29": 0.9827586206896551,
        "30": 0.9666666666666667,
        "31": 0.925,
        "32": 0.95,
        "33": 0.9545454545454546,
        "34": 0.9090909090909091,
        "35": 0.8529411764705882,
        "36": 0.9571428571428572,
        "37": 0.8714285714285714,
        "38": 0.8918918918918919,
        "39": 0.9013157894736842,
        "40": 0.9210526315789473
      }
    },
    "ood_41_80": {
      "process": 0.5402667949109639,
      "terminal": 0.5,
      "exact": 0.0,
      "final_answer_accuracy": 0.5,
      "full_trace_exact_match": 0.0,
      "step_accuracy": 0.8838358950284764,
      "mean_step_reward": 0.6430127766919292,
      "prefix_accuracy": 0.14944384669956498,
      "step_accuracy_by_length": {
        "41": 0.7357142857142858,
        "42": 0.8642857142857143,
        "43": 0.777027027027027,
        "44": 0.7847222222222222,
        "45": 0.8428571428571429,
        "46": 0.7121212121212122,
        "47": 0.6888888888888889,
        "48": 0.5535714285714286,
        "49": 0.6951219512195121,
        "50": 0.796875,
        "51": 0.6333333333333333,
        "52": 0.7397959183673469,
        "53": 0.5777777777777777,
        "54": 0.6479591836734694,
        "55": 0.6490384615384616,
        "56": 0.6296296296296297,
        "57": 0.7395833333333334,
        "58": 0.6273584905660378,
        "59": 0.5480769230769231,
        "60": 0.575,
        "61": 0.5707547169811321,
        "62": 0.7098214285714286,
        "63": 0.6339285714285714,
        "64": 0.6372549019607843,
        "65": 0.5818965517241379,
        "66": 0.5573770491803278,
        "67": 0.5948275862068966,
        "68": 0.6150793650793651,
        "69": 0.5517241379310345,
        "70": 0.55859375,
        "71": 0.5635593220338984,
        "72": 0.5905797101449275,
        "73": 0.5967741935483871,
        "74": 0.5857142857142857,
        "75": 0.5808823529411765,
        "76": 0.6027397260273972,
        "77": 0.5964285714285714,
        "78": 0.6022727272727273,
        "79": 0.5892857142857143,
        "80": 0.5822784810126582
      }
    },
    "ood_81_160": {
      "process": 0.5141057614694919,
      "terminal": 0.4375,
      "exact": 0.0,
      "final_answer_accuracy": 0.4375,
      "full_trace_exact_match": 0.0,
      "step_accuracy": 0.909759428248569,
      "mean_step_reward": 0.599446253509331,
      "prefix_accuracy": 0.02757985974602602,
      "step_accuracy_by_length": {
        "81": 0.6085526315789473,
        "82": 0.5961538461538461,
        "83": 0.5769230769230769,
        "84": 0.5746753246753247,
        "85": 0.6458333333333334,
        "86": 0.5993589743589743,
        "87": 0.6329113924050633,
        "88": 0.5811688311688312,
        "89": 0.6025641025641025,
        "90": 0.5664556962025317,
        "91": 0.6264705882352941,
        "92": 0.6366279069767442,
        "93": 0.5994318181818182,
        "94": 0.5801282051282052,
        "95": 0.5681818181818182,
        "96": 0.6147058823529412,
        "97": 0.6221590909090909,
        "98": 0.6176470588235294,
        "99": 0.6079545454545454,
        "100": 0.6291208791208791,
        "101": 0.648876404494382,
        "102": 0.5729166666666666,
        "103": 0.6102150537634409,
        "104": 0.5947368421052631,
        "105": 0.6792929292929293,
        "106": 0.6030927835051546,
        "107": 0.6276041666666666,
        "108": 0.553030303030303,
        "109": 0.5857843137254902,
        "110": 0.5959595959595959,
        "111": 0.5946601941747572,
        "112": 0.5927835051546392,
        "113": 0.6005154639175257,
        "114": 0.6142857142857143,
        "115": 0.6394230769230769,
        "116": 0.5818181818181818,
        "117": 0.5879629629629629,
        "118": 0.6064814814814815,
        "119": 0.6238317757009346,
        "120": 0.6297169811320755,
        "121": 0.5657894736842105,
        "122": 0.5771028037383178,
        "123": 0.589622641509434,
        "124": 0.5921052631578947,
        "125": 0.575,
        "126": 0.5668103448275862,
        "127": 0.5995762711864406,
        "128": 0.5683760683760684,
        "129": 0.5846774193548387,
        "130": 0.6086956521739131,
        "131": 0.6103603603603603,
        "132": 0.5979166666666667,
        "133": 0.5708333333333333,
        "134": 0.6260683760683761,
        "135": 0.5932539682539683,
        "136": 0.5785123966942148,
        "137": 0.536,
        "138": 0.6004273504273504,
        "139": 0.6122047244094488,
        "140": 0.6015625,
        "141": 0.5907258064516129,
        "142": 0.58984375,
        "143": 0.5935114503816794,
        "144": 0.5537037037037037,
        "145": 0.6063432835820896,
        "146": 0.6230769230769231,
        "147": 0.552158273381295,
        "148": 0.5772058823529411,
        "149": 0.5985401459854015,
        "150": 0.6232394366197183,
        "151": 0.5910714285714286,
        "152": 0.5897887323943662,
        "153": 0.6595744680851063,
        "154": 0.6113138686131386,
        "155": 0.6172413793103448,
        "156": 0.6153846153846154,
        "157": 0.6071428571428571,
        "158": 0.5969387755102041,
        "159": 0.6114864864864865,
        "160": 0.5625
      }
    },
    "ood_161_320": {
      "process": 0.42200554213772856,
      "terminal": 0.0125,
      "exact": 0.0,
      "final_answer_accuracy": 0.0125,
      "full_trace_exact_match": 0.0,
      "step_accuracy": 0.7616807664555887,
      "mean_step_reward": 0.5596834553831621,
      "prefix_accuracy": 0.012102674444077404,
      "step_accuracy_by_length": {
        "161": 0.6404109589041096,
        "162": 0.592391304347826,
        "163": 0.5680272108843537,
        "164": 0.5982758620689655,
        "165": 0.5608974358974359,
        "166": 0.5486577181208053,
        "167": 0.5697278911564626,
        "168": 0.5996621621621622,
        "169": 0.5637254901960784,
        "170": 0.5811688311688312,
        "171": 0.5993150684931506,
        "172": 0.6006493506493507,
        "173": 0.5669934640522876,
        "174": 0.54375,
        "175": 0.6148648648648649,
        "176": 0.535483870967742,
        "177": 0.6416666666666667,