{
  "step": 350,
  "train": {
    "loss": -0.0,
    "policy_loss": -0.0,
    "entropy": 0.030087245628237724,
    "reward": 0.921875,
    "rollout_count": 8.0,
    "generated_tokens_mean": 19.0,
    "cot_tokens_mean": 17.0,
    "cot_tokens_total": 136.0,
    "cot_match_accuracy": 1.0,
    "cot_match_percent": 100.0,
    "process_match_accuracy": 1.0,
    "process_match_percent": 100.0,
    "output_match_accuracy": 1.0,
    "output_match_percent": 100.0,
    "exact_match_accuracy": 1.0,
    "exact_match_percent": 100.0,
    "terminal_reward": 1.0,
    "sequence_process_reward": 1.0,
    "dense_process_reward": 1.0,
    "mean_step_reward": 1.0,
    "number_of_correct_steps": 17.0,
    "number_of_generated_steps": 17.0,
    "number_of_oracle_steps": 17.0,
    "step_alignment_accuracy": 1.0,
    "total_reward": 3.0,
    "curriculum_stage": 0.0,
    "train_min_len": 1.0,
    "train_max_len": 40.0,
    "generation_max_new_tokens": 64.0,
    "generation_temperature": 0.3
  },
  "eval": {
    "train_1_40": {
      "process": 0.9849562948150409,
      "terminal": 0.9,
      "exact": 0.8,
      "final_answer_accuracy": 0.9,
      "full_trace_exact_match": 0.8,
      "step_accuracy": 0.9966304597941594,
      "mean_step_reward": 0.9900330375330373,
      "prefix_accuracy": 0.9647867430336469,
      "step_accuracy_by_length": {
        "1": 1.0,
        "2": 1.0,
        "3": 1.0,
        "4": 1.0,
        "5": 1.0,
        "6": 1.0,
        "7": 1.0,
        "8": 1.0,
        "9": 1.0,
        "10": 1.0,
        "11": 1.0,
        "12": 1.0,
        "13": 1.0,
        "14": 1.0,
        "15": 1.0,
        "16": 1.0,
        "17": 1.0,
        "18": 1.0,
        "19": 1.0,
        "20": 1.0,
        "21": 1.0,
        "22": 1.0,
        "23": 1.0,
        "24": 1.0,
        "25": 1.0,
        "26": 1.0,
        "27": 1.0,
        "28": 1.0,
        "29": 1.0,
        "30": 0.9666666666666667,
        "31": 1.0,
        "32": 1.0,
        "33": 1.0,
        "34": 0.9772727272727273,
        "35": 0.9714285714285714,
        "36": 0.9722222222222222,
        "37": 0.8642857142857143,
        "38": 0.9391891891891891,
        "39": 0.9615384615384616,
        "40": 0.9487179487179487
      }
    },
    "ood_41_80": {
      "process": 0.5488486091541477,
      "terminal": 0.45,
      "exact": 0.0,
      "final_answer_accuracy": 0.45,
      "full_trace_exact_match": 0.0,
      "step_accuracy": 0.8800714011061537,
      "mean_step_reward": 0.668354874044634,
      "prefix_accuracy": 0.1508301502129029,
      "step_accuracy_by_length": {
        "41": 0.8445945945945946,
        "42": 0.7,
        "43": 0.918918918918919,
        "44": 0.8680555555555556,
        "45": 0.8428571428571429,
        "46": 0.8455882352941176,
        "47": 0.7611111111111111,
        "48": 0.7142857142857143,
        "49": 0.6744186046511628,
        "50": 0.74,
        "51": 0.7193877551020408,
        "52": 0.7934782608695652,
        "53": 0.5865384615384616,
        "54": 0.5801886792452831,
        "55": 0.6682692307692307,
        "56": 0.655,
        "57": 0.7019230769230769,
        "58": 0.6862745098039216,
        "59": 0.6296296296296297,
        "60": 0.6195652173913043,
        "61": 0.555,
        "62": 0.5879629629629629,
        "63": 0.6105769230769231,
        "64": 0.6473214285714286,
        "65": 0.603448275862069,
        "66": 0.6208333333333333,
        "67": 0.6434426229508197,
        "68": 0.6008064516129032,
        "69": 0.6065573770491803,
        "70": 0.597457627118644,
        "71": 0.625,
        "72": 0.6653846153846154,
        "73": 0.5492424242424242,
        "74": 0.6139705882352942,
        "75": 0.6169354838709677,
        "76": 0.6056338028169014,
        "77": 0.6060606060606061,
        "78": 0.6307692307692307,
        "79": 0.6267605633802817,
        "80": 0.5709459459459459
      }
    },
    "ood_81_160": {
      "process": 0.507970058067261,
      "terminal": 0.3625,
      "exact": 0.0,
      "final_answer_accuracy": 0.3625,
      "full_trace_exact_match": 0.0,
      "step_accuracy": 0.9068952737416917,
      "mean_step_reward": 0.6146845986511683,
      "prefix_accuracy": 0.028835159047206533,
      "step_accuracy_by_length": {
        "81": 0.6267123287671232,
        "82": 0.6118421052631579,
        "83": 0.6642857142857143,
        "84": 0.6192307692307693,
        "85": 0.597972972972973,
        "86": 0.569078947368421,
        "87": 0.6329113924050633,
        "88": 0.6204819277108434,
        "89": 0.64375,
        "90": 0.55625,
        "91": 0.6309523809523809,
        "92": 0.6,
        "93": 0.5764705882352941,
        "94": 0.5803571428571429,
        "95": 0.5970588235294118,
        "96": 0.6424418604651163,
        "97": 0.5718085106382979,
        "98": 0.6194444444444445,
        "99": 0.6181318681318682,
        "100": 0.6304347826086957,
        "101": 0.634020618556701,
        "102": 0.6041666666666666,
        "103": 0.63,
        "104": 0.6016483516483516,
        "105": 0.6905940594059405,
        "106": 0.5673076923076923,
        "107": 0.6475,
        "108": 0.5833333333333334,
        "109": 0.601010101010101,
        "110": 0.6325,
        "111": 0.6225490196078431,
        "112": 0.6359223300970874,
        "113": 0.5943396226415094,
        "114": 0.6200980392156863,
        "115": 0.625,
        "116": 0.6899038461538461,
        "117": 0.6077981651376146,
        "118": 0.5619266055045872,
        "119": 0.6307339449541285,
        "120": 0.658256880733945,
        "121": 0.6074766355140186,
        "122": 0.59375,
        "123": 0.5855263157894737,
        "124": 0.6004273504273504,
        "125": 0.6490384615384616,
        "126": 0.6623931623931624,
        "127": 0.6089743589743589,
        "128": 0.5625,
        "129": 0.6450892857142857,
        "130": 0.6215596330275229,
        "131": 0.6024590163934426,
        "132": 0.6384297520661157,
        "133": 0.6419491525423728,
        "134": 0.6512096774193549,
        "135": 0.618,
        "136": 0.592,
        "137": 0.5807086614173228,
        "138": 0.6369565217391304,
        "139": 0.625,
        "140": 0.6221374045801527,
        "141": 0.588,
        "142": 0.6027131782945736,
        "143": 0.603515625,
        "144": 0.515625,
        "145": 0.5925925925925926,
        "146": 0.6287878787878788,
        "147": 0.5894160583941606,
        "148": 0.6111111111111112,
        "149": 0.6294964028776978,
        "150": 0.5975177304964538,
        "151": 0.6031468531468531,
        "152": 0.6474820143884892,
        "153": 0.6410714285714286,
        "154": 0.6071428571428571,
        "155": 0.6517857142857143,
        "156": 0.625,
        "157": 0.6189655172413793,
        "158": 0.6408450704225352,
        "159": 0.5989932885906041,
        "160": 0.5877483443708609
      }
    },
    "ood_161_320": {
      "process": 0.41840195852319584,
      "terminal": 0.025,
      "exact": 0.0,
      "final_answer_accuracy": 0.025,
      "full_trace_exact_match": 0.0,
      "step_accuracy": 0.7603370283570843,
      "mean_step_reward": 0.5617382935610638,
      "prefix_accuracy": 0.010559190769432436,
      "step_accuracy_by_length": {
        "161": 0.640728476821192,
        "162": 0.6139455782312925,
        "163": 0.5905797101449275,
        "164": 0.5854838709677419,
        "165": 0.6352739726027398,
        "166": 0.5850694444444444,
        "167": 0.6114864864864865,
        "168": 0.5907643312101911,
        "169": 0.569620253164557,
        "170": 0.5993589743589743,
        "171": 0.5943708609271523,
        "172": 0.5886075949367089,
        "173": 0.5941558441558441,
        "174": 0.5802469135802469,
        "175": 0.6085526315789473,
        "176": 0.5775316455696202,
        "177": 0.6217105263157895,
        "178": 0.6210691823899371,
        "179": 0.6151079136690647,
        "180": 0.5657051282051282,
        "181": 0.6136363636363636,
        "182": 0.5966257668711656,
        "183": 0.5511695906432749,