{
  "step": 450,
  "train": {
    "loss": -0.0,
    "policy_loss": -0.0,
    "entropy": 0.05493960529565811,
    "reward": 0.9026209712028503,
    "rollout_count": 8.0,
    "generated_tokens_mean": 34.5,
    "cot_tokens_mean": 32.5,
    "cot_tokens_total": 260.0,
    "cot_match_accuracy": 0.9054054054054055,
    "cot_match_percent": 90.54054054054055,
    "process_match_accuracy": 0.9054054054054055,
    "process_match_percent": 90.54054054054055,
    "output_match_accuracy": 0.5,
    "output_match_percent": 50.0,
    "exact_match_accuracy": 0.5,
    "exact_match_percent": 50.0,
    "terminal_reward": 0.5,
    "sequence_process_reward": 0.9054054054054055,
    "dense_process_reward": 0.9527027027027026,
    "mean_step_reward": 0.9652777777777778,
    "number_of_correct_steps": 28.0,
    "number_of_generated_steps": 32.5,
    "number_of_oracle_steps": 32.5,
    "step_alignment_accuracy": 0.9864864864864865,
    "total_reward": 2.4054054054054053,
    "curriculum_stage": 0.0,
    "train_min_len": 1.0,
    "train_max_len": 40.0,
    "generation_max_new_tokens": 64.0,
    "generation_temperature": 0.3
  },
  "eval": {
    "train_1_40": {
      "process": 0.9766674900870914,
      "terminal": 0.925,
      "exact": 0.775,
      "final_answer_accuracy": 0.925,
      "full_trace_exact_match": 0.775,
      "step_accuracy": 0.9936386635046658,
      "mean_step_reward": 0.9836640490985777,
      "prefix_accuracy": 0.9488033762443593,
      "step_accuracy_by_length": {
        "1": 1.0,
        "2": 1.0,
        "3": 1.0,
        "4": 1.0,
        "5": 1.0,
        "6": 1.0,
        "7": 1.0,
        "8": 1.0,
        "9": 1.0,
        "10": 1.0,
        "11": 1.0,
        "12": 1.0,
        "13": 1.0,
        "14": 1.0,
        "15": 1.0,
        "16": 1.0,
        "17": 1.0,
        "18": 1.0,
        "19": 1.0,
        "20": 1.0,
        "21": 1.0,
        "22": 1.0,
        "23": 1.0,
        "24": 1.0,
        "25": 1.0,
        "26": 1.0,
        "27": 1.0,
        "28": 0.9074074074074074,
        "29": 1.0,
        "30": 1.0,
        "31": 1.0,
        "32": 0.9193548387096774,
        "33": 1.0,
        "34": 0.9772727272727273,
        "35": 0.9714285714285714,
        "36": 0.9785714285714285,
        "37": 0.9027777777777778,
        "38": 0.8263888888888888,
        "39": 0.9210526315789473,
        "40": 0.9423076923076923
      }
    },
    "ood_41_80": {
      "process": 0.5288018921130156,
      "terminal": 0.3,
      "exact": 0.0,
      "final_answer_accuracy": 0.3,
      "full_trace_exact_match": 0.0,
      "step_accuracy": 0.8845014807556522,
      "mean_step_reward": 0.6587487843819253,
      "prefix_accuracy": 0.13271621364669212,
      "step_accuracy_by_length": {
        "41": 0.7152777777777778,
        "42": 0.881578947368421,
        "43": 0.6805555555555556,
        "44": 0.8541666666666666,
        "45": 0.7878787878787878,
        "46": 0.8352272727272727,
        "47": 0.8,
        "48": 0.6381578947368421,
        "49": 0.7611111111111111,
        "50": 0.6979166666666666,
        "51": 0.6927083333333334,
        "52": 0.7239583333333334,
        "53": 0.6887755102040817,
        "54": 0.6224489795918368,
        "55": 0.609375,
        "56": 0.5969387755102041,
        "57": 0.6778846153846154,
        "58": 0.6568627450980392,
        "59": 0.601063829787234,
        "60": 0.575,
        "61": 0.6117021276595744,
        "62": 0.6136363636363636,
        "63": 0.5714285714285714,
        "64": 0.5614754098360656,
        "65": 0.5655737704918032,
        "66": 0.6147540983606558,
        "67": 0.6594827586206896,
        "68": 0.6865079365079365,
        "69": 0.6008064516129032,
        "70": 0.6228070175438597,
        "71": 0.5833333333333334,
        "72": 0.6401515151515151,
        "73": 0.5833333333333334,
        "74": 0.6343283582089553,
        "75": 0.6212121212121212,
        "76": 0.6691176470588235,
        "77": 0.625,
        "78": 0.5845588235294118,
        "79": 0.6301369863013698,
        "80": 0.5737179487179487
      }
    },
    "ood_81_160": {
      "process": 0.5184047116499337,
      "terminal": 0.4125,
      "exact": 0.0,
      "final_answer_accuracy": 0.4125,
      "full_trace_exact_match": 0.0,
      "step_accuracy": 0.9174828858026745,
      "mean_step_reward": 0.6245557921626361,
      "prefix_accuracy": 0.028698899956639518,
      "step_accuracy_by_length": {
        "81": 0.636986301369863,
        "82": 0.6233333333333333,
        "83": 0.6527777777777778,
        "84": 0.5981012658227848,
        "85": 0.5993589743589743,
        "86": 0.5267857142857143,
        "87": 0.6602564102564102,
        "88": 0.6011904761904762,
        "89": 0.6373239436619719,
        "90": 0.6636904761904762,
        "91": 0.6234939759036144,
        "92": 0.5901162790697675,
        "93": 0.6623376623376623,
        "94": 0.6351351351351351,
        "95": 0.6151685393258427,
        "96": 0.6470588235294118,
        "97": 0.6436781609195402,
        "98": 0.6647727272727273,
        "99": 0.6078947368421053,
        "100": 0.6377551020408163,
        "101": 0.5957446808510638,
        "102": 0.62,
        "103": 0.6329787234042553,
        "104": 0.6105263157894737,
        "105": 0.6648351648351648,
        "106": 0.5775,
        "107": 0.6417525773195877,
        "108": 0.565,
        "109": 0.6640625,
        "110": 0.6155660377358491,
        "111": 0.6469072164948454,
        "112": 0.6782178217821783,
        "113": 0.6023809523809524,
        "114": 0.6428571428571429,
        "115": 0.6486486486486487,
        "116": 0.6261467889908257,
        "117": 0.625,
        "118": 0.6084905660377359,
        "119": 0.6383928571428571,
        "120": 0.6196581196581197,
        "121": 0.6074766355140186,
        "122": 0.5714285714285714,
        "123": 0.6450892857142857,
        "124": 0.6346153846153846,
        "125": 0.6140350877192983,
        "126": 0.6600877192982456,
        "127": 0.6188524590163934,
        "128": 0.6160714285714286,
        "129": 0.6393805309734514,
        "130": 0.5861344537815126,
        "131": 0.5952380952380952,
        "132": 0.604,
        "133": 0.65625,
        "134": 0.656,
        "135": 0.5984848484848485,
        "136": 0.6351351351351351,
        "137": 0.6007751937984496,
        "138": 0.625,
        "139": 0.5538461538461539,
        "140": 0.6450381679389313,
        "141": 0.6350806451612904,
        "142": 0.58203125,
        "143": 0.6136363636363636,
        "144": 0.5948905109489051,
        "145": 0.634469696969697,
        "146": 0.6537037037037037,
        "147": 0.6063432835820896,
        "148": 0.6129629629629629,
        "149": 0.6709558823529411,
        "150": 0.6189655172413793,
        "151": 0.6398601398601399,
        "152": 0.6402877697841727,
        "153": 0.6862068965517242,
        "154": 0.6017241379310345,
        "155": 0.6410714285714286,
        "156": 0.6258389261744967,
        "157": 0.6327586206896552,
        "158": 0.6182432432432432,
        "159": 0.6207482993197279,
        "160": 0.6198630136986302
      }
    },
    "ood_161_320": {
      "process": 0.4130384166931312,
      "terminal": 0.025,
      "exact": 0.0,
      "final_answer_accuracy": 0.025,
      "full_trace_exact_match": 0.0,
      "step_accuracy": 0.7560073495833436,
      "mean_step_reward": 0.5660578270423821,
      "prefix_accuracy": 0.010298859455539388,
      "step_accuracy_by_length": {
        "161": 0.61,
        "162": 0.6333333333333333,
        "163": 0.5974264705882353,
        "164": 0.62248322147651,
        "165": 0.6493055555555556,
        "166": 0.5645695364238411,
        "167": 0.6029411764705882,
        "168": 0.6325503355704698,
        "169": 0.6111111111111112,
        "170": 0.6458333333333334,
        "171": 0.5885093167701864,
        "172": 0.6130573248407644,
        "173": 0.6117021276595744,
        "174": 0.6218354430379747,
        "175": 0.5953947368421053,
        "176": 0.562874251497006,
        "177": 0.6191275167785235,