{
  "step": 500,
  "train": {
    "loss": -0.0,
    "policy_loss": -0.0,
    "entropy": 0.07394127547740936,
    "reward": 0.8521634340286255,
    "rollout_count": 8.0,
    "generated_tokens_mean": 25.5,
    "cot_tokens_mean": 23.5,
    "cot_tokens_total": 188.0,
    "cot_match_accuracy": 0.9189189189189189,
    "cot_match_percent": 91.89189189189189,
    "process_match_accuracy": 0.9189189189189189,
    "process_match_percent": 91.89189189189189,
    "output_match_accuracy": 0.5,
    "output_match_percent": 50.0,
    "exact_match_accuracy": 0.5,
    "exact_match_percent": 50.0,
    "terminal_reward": 0.5,
    "sequence_process_reward": 0.9189189189189189,
    "dense_process_reward": 0.9222972972972974,
    "mean_step_reward": 0.9464285714285716,
    "number_of_correct_steps": 17.0,
    "number_of_generated_steps": 23.5,
    "number_of_oracle_steps": 23.5,
    "step_alignment_accuracy": 0.9729729729729728,
    "total_reward": 2.3445945945945947,
    "curriculum_stage": 0.0,
    "train_min_len": 1.0,
    "train_max_len": 40.0,
    "generation_max_new_tokens": 64.0,
    "generation_temperature": 0.3
  },
  "eval": {
    "train_1_40": {
      "process": 0.9793334111102604,
      "terminal": 0.85,
      "exact": 0.75,
      "final_answer_accuracy": 0.85,
      "full_trace_exact_match": 0.75,
      "step_accuracy": 0.9941034794597835,
      "mean_step_reward": 0.9891786100531809,
      "prefix_accuracy": 0.963138681428689,
      "step_accuracy_by_length": {
        "1": 1.0,
        "2": 1.0,
        "3": 1.0,
        "4": 1.0,
        "5": 1.0,
        "6": 1.0,
        "7": 1.0,
        "8": 1.0,
        "9": 1.0,
        "10": 1.0,
        "11": 1.0,
        "12": 1.0,
        "13": 1.0,
        "14": 1.0,
        "15": 1.0,
        "16": 1.0,
        "17": 1.0,
        "18": 1.0,
        "19": 1.0,
        "20": 1.0,
        "21": 1.0,
        "22": 1.0,
        "23": 1.0,
        "24": 0.967391304347826,
        "25": 1.0,
        "26": 1.0,
        "27": 1.0,
        "28": 1.0,
        "29": 0.9910714285714286,
        "30": 1.0,
        "31": 1.0,
        "32": 1.0,
        "33": 0.9696969696969697,
        "34": 0.9772727272727273,
        "35": 0.9714285714285714,
        "36": 0.9583333333333334,
        "37": 0.9166666666666666,
        "38": 0.9583333333333334,
        "39": 0.9210526315789473,
        "40": 0.9358974358974359
      }
    },
    "ood_41_80": {
      "process": 0.5157289018291976,
      "terminal": 0.35,
      "exact": 0.0,
      "final_answer_accuracy": 0.35,
      "full_trace_exact_match": 0.0,
      "step_accuracy": 0.884083118544152,
      "mean_step_reward": 0.6553131536466761,
      "prefix_accuracy": 0.13217887311889237,
      "step_accuracy_by_length": {
        "41": 0.7152777777777778,
        "42": 0.8581081081081081,
        "43": 0.6805555555555556,
        "44": 0.8680555555555556,
        "45": 0.7575757575757576,
        "46": 0.676829268292683,
        "47": 0.8152173913043478,
        "48": 0.7291666666666666,
        "49": 0.6976744186046512,
        "50": 0.8206521739130435,
        "51": 0.6276595744680851,
        "52": 0.6914893617021277,
        "53": 0.625,
        "54": 0.6415094339622641,
        "55": 0.6170212765957447,
        "56": 0.6224489795918368,
        "57": 0.71,
        "58": 0.625,
        "59": 0.5482456140350878,
        "60": 0.5673076923076923,
        "61": 0.5175438596491229,
        "62": 0.6509433962264151,
        "63": 0.5635593220338984,
        "64": 0.6682692307692307,
        "65": 0.5909090909090909,
        "66": 0.603448275862069,
        "67": 0.6383928571428571,
        "68": 0.6785714285714286,
        "69": 0.6330645161290323,
        "70": 0.6083333333333333,
        "71": 0.5805084745762712,
        "72": 0.6544117647058824,
        "73": 0.5793650793650794,
        "74": 0.6484375,
        "75": 0.6102941176470589,
        "76": 0.6458333333333334,
        "77": 0.6401515151515151,
        "78": 0.625,
        "79": 0.6006944444444444,
        "80": 0.58
      }
    },
    "ood_81_160": {
      "process": 0.5101667667415579,
      "terminal": 0.475,
      "exact": 0.0,
      "final_answer_accuracy": 0.475,
      "full_trace_exact_match": 0.0,
      "step_accuracy": 0.9180597239368785,
      "mean_step_reward": 0.6227060448929638,
      "prefix_accuracy": 0.028477086130539876,
      "step_accuracy_by_length": {
        "81": 0.6232876712328768,
        "82": 0.6566666666666666,
        "83": 0.6125,
        "84": 0.6380597014925373,
        "85": 0.6354166666666666,
        "86": 0.5833333333333334,
        "87": 0.6174698795180723,
        "88": 0.752906976744186,
        "89": 0.5930232558139535,
        "90": 0.5709876543209876,
        "91": 0.6071428571428571,
        "92": 0.5863095238095238,
        "93": 0.680379746835443,
        "94": 0.609375,
        "95": 0.5909090909090909,
        "96": 0.6107954545454546,
        "97": 0.59375,
        "98": 0.6209677419354839,
        "99": 0.6166666666666667,
        "100": 0.6358695652173914,
        "101": 0.6458333333333334,
        "102": 0.6338383838383839,
        "103": 0.6145833333333334,
        "104": 0.6134020618556701,
        "105": 0.675,
        "106": 0.6176470588235294,
        "107": 0.633495145631068,
        "108": 0.5980392156862745,
        "109": 0.6640625,
        "110": 0.6202830188679245,
        "111": 0.6105769230769231,
        "112": 0.6568181818181819,
        "113": 0.5911214953271028,
        "114": 0.6588785046728972,
        "115": 0.6504629629629629,
        "116": 0.6802884615384616,
        "117": 0.6342592592592593,
        "118": 0.625,
        "119": 0.6481481481481481,
        "120": 0.584051724137931,
        "121": 0.6330275229357798,
        "122": 0.6401869158878505,
        "123": 0.6,
        "124": 0.6349557522123894,
        "125": 0.6140350877192983,
        "126": 0.6260504201680672,
        "127": 0.6134453781512605,
        "128": 0.5847826086956521,
        "129": 0.6403508771929824,
        "130": 0.5929752066115702,
        "131": 0.6113445378151261,
        "132": 0.6008064516129032,
        "133": 0.614,
        "134": 0.6594488188976378,
        "135": 0.5447761194029851,
        "136": 0.588,
        "137": 0.599609375,
        "138": 0.6199186991869918,
        "139": 0.6239669421487604,
        "140": 0.6705426356589147,
        "141": 0.5980769230769231,
        "142": 0.6065891472868217,
        "143": 0.628,
        "144": 0.6113138686131386,
        "145": 0.5980769230769231,
        "146": 0.583941605839416,
        "147": 0.6018518518518519,
        "148": 0.6340579710144928,
        "149": 0.6514084507042254,
        "150": 0.6392857142857142,
        "151": 0.6276223776223776,
        "152": 0.6453900709219859,
        "153": 0.6703703703703704,
        "154": 0.6041666666666666,
        "155": 0.625886524822695,
        "156": 0.6438848920863309,
        "157": 0.62751677852349,
        "158": 0.6182432432432432,
        "159": 0.5833333333333334,
        "160": 0.6136363636363636
      }
    },
    "ood_161_320": {
      "process": 0.42184295590717147,
      "terminal": 0.025,
      "exact": 0.0,
      "final_answer_accuracy": 0.025,
      "full_trace_exact_match": 0.0,
      "step_accuracy": 0.7636928404527914,
      "mean_step_reward": 0.567555295251931,
      "prefix_accuracy": 0.010531848771304583,
      "step_accuracy_by_length": {
        "161": 0.5898692810457516,
        "162": 0.6136363636363636,
        "163": 0.5935251798561151,
        "164": 0.6225165562913907,
        "165": 0.6199324324324325,
        "166": 0.5704697986577181,
        "167": 0.5790322580645161,
        "168": 0.6076158940397351,
        "169": 0.5961538461538461,
        "170": 0.6208609271523179,
        "171": 0.637987012987013,
        "172": 0.6366666666666667,
        "173": 0.5881410256410257,
        "174": 0.6323529411764706,
        "175": 0.6282894736842105,
        "176": 0.5833333333333334,
        "177": 0.606687898089172,