{
  "step": 400,
  "train": {
    "loss": -0.0,
    "policy_loss": -0.0,
    "entropy": 0.034218642860651016,
    "reward": 0.9282609224319458,
    "rollout_count": 8.0,
    "generated_tokens_mean": 15.5,
    "cot_tokens_mean": 13.5,
    "cot_tokens_total": 108.0,
    "cot_match_accuracy": 1.0,
    "cot_match_percent": 100.0,
    "process_match_accuracy": 1.0,
    "process_match_percent": 100.0,
    "output_match_accuracy": 1.0,
    "output_match_percent": 100.0,
    "exact_match_accuracy": 1.0,
    "exact_match_percent": 100.0,
    "terminal_reward": 1.0,
    "sequence_process_reward": 1.0,
    "dense_process_reward": 1.0,
    "mean_step_reward": 1.0,
    "number_of_correct_steps": 13.5,
    "number_of_generated_steps": 13.5,
    "number_of_oracle_steps": 13.5,
    "step_alignment_accuracy": 1.0,
    "total_reward": 3.0,
    "curriculum_stage": 0.0,
    "train_min_len": 1.0,
    "train_max_len": 40.0,
    "generation_max_new_tokens": 64.0,
    "generation_temperature": 0.3
  },
  "eval": {
    "train_1_40": {
      "process": 0.9856776136613596,
      "terminal": 0.925,
      "exact": 0.825,
      "final_answer_accuracy": 0.925,
      "full_trace_exact_match": 0.825,
      "step_accuracy": 0.9978559757236226,
      "mean_step_reward": 0.9919956943176758,
      "prefix_accuracy": 0.9655067494773377,
      "step_accuracy_by_length": {
        "1": 1.0,
        "2": 1.0,
        "3": 1.0,
        "4": 1.0,
        "5": 1.0,
        "6": 1.0,
        "7": 1.0,
        "8": 1.0,
        "9": 1.0,
        "10": 1.0,
        "11": 1.0,
        "12": 1.0,
        "13": 1.0,
        "14": 1.0,
        "15": 1.0,
        "16": 1.0,
        "17": 1.0,
        "18": 1.0,
        "19": 1.0,
        "20": 1.0,
        "21": 1.0,
        "22": 1.0,
        "23": 1.0,
        "24": 1.0,
        "25": 1.0,
        "26": 1.0,
        "27": 1.0,
        "28": 1.0,
        "29": 1.0,
        "30": 1.0,
        "31": 1.0,
        "32": 1.0,
        "33": 1.0,
        "34": 0.9772727272727273,
        "35": 0.9852941176470589,
        "36": 0.9785714285714285,
        "37": 0.918918918918919,
        "38": 0.9210526315789473,
        "39": 0.9487179487179487,
        "40": 0.95
      }
    },
    "ood_41_80": {
      "process": 0.5414511718415166,
      "terminal": 0.425,
      "exact": 0.0,
      "final_answer_accuracy": 0.425,
      "full_trace_exact_match": 0.0,
      "step_accuracy": 0.8883961576443639,
      "mean_step_reward": 0.6549988549630761,
      "prefix_accuracy": 0.15021385116904074,
      "step_accuracy_by_length": {
        "41": 0.7132352941176471,
        "42": 0.8581081081081081,
        "43": 0.8648648648648649,
        "44": 0.8541666666666666,
        "45": 0.7647058823529411,
        "46": 0.8455882352941176,
        "47": 0.7267441860465116,
        "48": 0.625,
        "49": 0.7674418604651163,
        "50": 0.8085106382978723,
        "51": 0.5918367346938775,
        "52": 0.7606382978723404,
        "53": 0.595,
        "54": 0.6470588235294118,
        "55": 0.6421568627450981,
        "56": 0.6326530612244898,
        "57": 0.660377358490566,
        "58": 0.6574074074074074,
        "59": 0.5925925925925926,
        "60": 0.6029411764705882,
        "61": 0.5324074074074074,
        "62": 0.6090909090909091,
        "63": 0.5431034482758621,
        "64": 0.6416666666666667,
        "65": 0.5964912280701754,
        "66": 0.5634920634920635,
        "67": 0.6475409836065574,
        "68": 0.625,
        "69": 0.5952380952380952,
        "70": 0.5564516129032258,
        "71": 0.5666666666666667,
        "72": 0.623015873015873,
        "73": 0.578125,
        "74": 0.6451612903225806,
        "75": 0.6451612903225806,
        "76": 0.5616438356164384,
        "77": 0.6066176470588235,
        "78": 0.5912162162162162,
        "79": 0.6654411764705882,
        "80": 0.5953947368421053
      }
    },
    "ood_81_160": {
      "process": 0.5020029984255027,
      "terminal": 0.475,
      "exact": 0.0,
      "final_answer_accuracy": 0.475,
      "full_trace_exact_match": 0.0,
      "step_accuracy": 0.9084973917758082,
      "mean_step_reward": 0.6222968983326634,
      "prefix_accuracy": 0.02831368859199281,
      "step_accuracy_by_length": {
        "81": 0.5866666666666667,
        "82": 0.6527777777777778,
        "83": 0.5986842105263158,
        "84": 0.6373239436619719,
        "85": 0.6321428571428571,
        "86": 0.5625,
        "87": 0.6546052631578947,
        "88": 0.5975609756097561,
        "89": 0.621875,
        "90": 0.6375,
        "91": 0.6388888888888888,
        "92": 0.6088235294117647,
        "93": 0.6107954545454546,
        "94": 0.601123595505618,
        "95": 0.6193181818181818,
        "96": 0.6402439024390244,
        "97": 0.6075268817204301,
        "98": 0.6370967741935484,
        "99": 0.6055555555555555,
        "100": 0.6236842105263158,
        "101": 0.6290322580645161,
        "102": 0.6108247422680413,
        "103": 0.6358695652173914,
        "104": 0.6161616161616161,
        "105": 0.7058823529411765,
        "106": 0.5961538461538461,
        "107": 0.6189320388349514,
        "108": 0.6326530612244898,
        "109": 0.66,
        "110": 0.6161616161616161,
        "111": 0.5850515463917526,
        "112": 0.6370192307692307,
        "113": 0.6285714285714286,
        "114": 0.6151960784313726,
        "115": 0.6425233644859814,
        "116": 0.6307339449541285,
        "117": 0.6111111111111112,
        "118": 0.5804347826086956,
        "119": 0.6238738738738738,
        "120": 0.6126126126126126,
        "121": 0.6087962962962963,
        "122": 0.615909090909091,
        "123": 0.625,
        "124": 0.6260330578512396,
        "125": 0.5905172413793104,
        "126": 0.6428571428571429,
        "127": 0.5948275862068966,
        "128": 0.6077586206896551,
        "129": 0.6293103448275862,
        "130": 0.6134453781512605,
        "131": 0.6260683760683761,
        "132": 0.6333333333333333,
        "133": 0.5983606557377049,
        "134": 0.6512096774193549,
        "135": 0.6524390243902439,
        "136": 0.5711538461538461,
        "137": 0.6091269841269841,
        "138": 0.6127049180327869,
        "139": 0.5833333333333334,
        "140": 0.6417322834645669,
        "141": 0.644,
        "142": 0.652,
        "143": 0.6375968992248062,
        "144": 0.6455223880597015,
        "145": 0.6358695652173914,
        "146": 0.6402877697841727,
        "147": 0.6268656716417911,
        "148": 0.60431654676259,
        "149": 0.6320422535211268,
        "150": 0.6286764705882353,
        "151": 0.6470588235294118,
        "152": 0.6330935251798561,
        "153": 0.6294964028776978,
        "154": 0.6107142857142858,
        "155": 0.6398601398601399,
        "156": 0.6564625850340136,
        "157": 0.5777027027027027,
        "158": 0.6276223776223776,
        "159": 0.5964052287581699,
        "160": 0.6207482993197279
      }
    },
    "ood_161_320": {
      "process": 0.41584354767505805,
      "terminal": 0.01875,
      "exact": 0.0,
      "final_answer_accuracy": 0.01875,
      "full_trace_exact_match": 0.0,
      "step_accuracy": 0.7561177022857867,
      "mean_step_reward": 0.5645474855897713,
      "prefix_accuracy": 0.010586769073989744,
      "step_accuracy_by_length": {
        "161": 0.6147260273972602,
        "162": 0.6148648648648649,
        "163": 0.5561224489795918,
        "164": 0.5973154362416108,
        "165": 0.6188811188811189,
        "166": 0.5833333333333334,
        "167": 0.5838709677419355,
        "168": 0.6019736842105263,
        "169": 0.6051724137931035,
        "170": 0.6317567567567568,
        "171": 0.6148648648648649,
        "172": 0.6175496688741722,
        "173": 0.6136363636363636,
        "174": 0.59375,
        "175": 0.5800653594771242,
        "176": 0.5548780487804879,
        "177": 0.6589403973509934,
        "178": 0.6512738853503185,
        "179": 0.6083333333333333,
        "180": 0.5783333333333334,