{
  "step": 300,
  "train": {
    "loss": -0.0,
    "policy_loss": -0.0,
    "entropy": 0.02710028365254402,
    "reward": 0.9272030591964722,
    "rollout_count": 8.0,
    "generated_tokens_mean": 18.0,
    "cot_tokens_mean": 16.0,
    "cot_tokens_total": 128.0,
    "cot_match_accuracy": 1.0,
    "cot_match_percent": 100.0,
    "process_match_accuracy": 1.0,
    "process_match_percent": 100.0,
    "output_match_accuracy": 1.0,
    "output_match_percent": 100.0,
    "exact_match_accuracy": 1.0,
    "exact_match_percent": 100.0,
    "terminal_reward": 1.0,
    "sequence_process_reward": 1.0,
    "dense_process_reward": 1.0,
    "mean_step_reward": 1.0,
    "number_of_correct_steps": 16.0,
    "number_of_generated_steps": 16.0,
    "number_of_oracle_steps": 16.0,
    "step_alignment_accuracy": 1.0,
    "total_reward": 3.0,
    "curriculum_stage": 0.0,
    "train_min_len": 1.0,
    "train_max_len": 40.0,
    "generation_max_new_tokens": 64.0,
    "generation_temperature": 0.3
  },
  "eval": {
    "train_1_40": {
      "process": 0.9785703296461812,
      "terminal": 0.875,
      "exact": 0.8,
      "final_answer_accuracy": 0.875,
      "full_trace_exact_match": 0.8,
      "step_accuracy": 0.9959151862499385,
      "mean_step_reward": 0.9864499420381773,
      "prefix_accuracy": 0.9647653520254138,
      "step_accuracy_by_length": {
        "1": 1.0,
        "2": 1.0,
        "3": 1.0,
        "4": 1.0,
        "5": 1.0,
        "6": 1.0,
        "7": 1.0,
        "8": 1.0,
        "9": 1.0,
        "10": 1.0,
        "11": 1.0,
        "12": 1.0,
        "13": 1.0,
        "14": 1.0,
        "15": 1.0,
        "16": 1.0,
        "17": 1.0,
        "18": 1.0,
        "19": 1.0,
        "20": 1.0,
        "21": 1.0,
        "22": 1.0,
        "23": 1.0,
        "24": 1.0,
        "25": 1.0,
        "26": 1.0,
        "27": 1.0,
        "28": 1.0,
        "29": 1.0,
        "30": 1.0,
        "31": 1.0,
        "32": 1.0,
        "33": 0.9090909090909091,
        "34": 0.9772727272727273,
        "35": 0.9779411764705882,
        "36": 0.9571428571428572,
        "37": 0.8918918918918919,
        "38": 0.8472222222222222,
        "39": 0.9615384615384616,
        "40": 0.9358974358974359
      }
    },
    "ood_41_80": {
      "process": 0.5245637840131582,
      "terminal": 0.35,
      "exact": 0.0,
      "final_answer_accuracy": 0.35,
      "full_trace_exact_match": 0.0,
      "step_accuracy": 0.8716959811529522,
      "mean_step_reward": 0.6681362082766722,
      "prefix_accuracy": 0.1509140951579137,
      "step_accuracy_by_length": {
        "41": 0.8716216216216216,
        "42": 0.831081081081081,
        "43": 0.8918918918918919,
        "44": 0.8680555555555556,
        "45": 0.8285714285714286,
        "46": 0.6341463414634146,
        "47": 0.7093023255813954,
        "48": 0.59375,
        "49": 0.7611111111111111,
        "50": 0.7065217391304348,
        "51": 0.6683673469387755,
        "52": 0.75,
        "53": 0.5760869565217391,
        "54": 0.6808510638297872,
        "55": 0.605,
        "56": 0.5714285714285714,
        "57": 0.6805555555555556,
        "58": 0.673469387755102,
        "59": 0.5990566037735849,
        "60": 0.6614583333333334,
        "61": 0.6595744680851063,
        "62": 0.6651785714285714,
        "63": 0.6272727272727273,
        "64": 0.645,
        "65": 0.5982142857142857,
        "66": 0.6120689655172413,
        "67": 0.6475409836065574,
        "68": 0.6065573770491803,
        "69": 0.5958333333333333,
        "70": 0.6578947368421053,
        "71": 0.6083333333333333,
        "72": 0.6547619047619048,
        "73": 0.573076923076923,
        "74": 0.6305970149253731,
        "75": 0.585820895522388,
        "76": 0.6584507042253521,
        "77": 0.6343283582089553,
        "78": 0.626984126984127,
        "79": 0.6413043478260869,
        "80": 0.6343283582089553
      }
    },
    "ood_81_160": {
      "process": 0.5180738595687965,
      "terminal": 0.45,
      "exact": 0.0,
      "final_answer_accuracy": 0.45,
      "full_trace_exact_match": 0.0,
      "step_accuracy": 0.9114435186723779,
      "mean_step_reward": 0.6172200250332897,
      "prefix_accuracy": 0.029150089406963082,
      "step_accuracy_by_length": {
        "81": 0.6182432432432432,
        "82": 0.5986842105263158,
        "83": 0.6335616438356164,
        "84": 0.6006493506493507,
        "85": 0.5933333333333334,
        "86": 0.5854430379746836,
        "87": 0.6282894736842105,
        "88": 0.5609756097560976,
        "89": 0.65,
        "90": 0.560126582278481,
        "91": 0.61875,
        "92": 0.6201298701298701,
        "93": 0.6191860465116279,
        "94": 0.5679012345679012,
        "95": 0.646551724137931,
        "96": 0.625,
        "97": 0.6448863636363636,
        "98": 0.6304347826086957,
        "99": 0.5994623655913979,
        "100": 0.6388888888888888,
        "101": 0.6451612903225806,
        "102": 0.6005154639175257,
        "103": 0.6376404494382022,
        "104": 0.5947368421052631,
        "105": 0.6808510638297872,
        "106": 0.6302083333333334,
        "107": 0.5931372549019608,
        "108": 0.5980392156862745,
        "109": 0.6171875,
        "110": 0.6116504854368932,
        "111": 0.6212871287128713,
        "112": 0.6310679611650486,
        "113": 0.611904761904762,
        "114": 0.6262135922330098,
        "115": 0.658256880733945,
        "116": 0.6169724770642202,
        "117": 0.6181818181818182,
        "118": 0.5758928571428571,
        "119": 0.6542056074766355,
        "120": 0.6106194690265486,
        "121": 0.6299019607843137,
        "122": 0.5752212389380531,
        "123": 0.5797413793103449,
        "124": 0.6261061946902655,
        "125": 0.5991379310344828,
        "126": 0.6804347826086956,
        "127": 0.6205357142857143,
        "128": 0.559322033898305,
        "129": 0.6193693693693694,
        "130": 0.618,
        "131": 0.615546218487395,
        "132": 0.6311475409836066,
        "133": 0.609504132231405,
        "134": 0.6229838709677419,
        "135": 0.578125,
        "136": 0.6199186991869918,
        "137": 0.6239837398373984,
        "138": 0.6293859649122807,
        "139": 0.5706106870229007,
        "140": 0.631578947368421,
        "141": 0.644,
        "142": 0.6200787401574803,
        "143": 0.6022727272727273,
        "144": 0.5965909090909091,
        "145": 0.621268656716418,
        "146": 0.6098484848484849,
        "147": 0.5958646616541353,
        "148": 0.6481481481481481,
        "149": 0.6278195488721805,
        "150": 0.6268115942028986,
        "151": 0.6397058823529411,
        "152": 0.624113475177305,
        "153": 0.6384892086330936,
        "154": 0.6071428571428571,
        "155": 0.6539855072463768,
        "156": 0.6371527777777778,
        "157": 0.6116666666666667,
        "158": 0.6471631205673759,
        "159": 0.5989932885906041,
        "160": 0.6117021276595744
      }
    },
    "ood_161_320": {
      "process": 0.4169125073796023,
      "terminal": 0.03125,
      "exact": 0.0,
      "final_answer_accuracy": 0.03125,
      "full_trace_exact_match": 0.0,
      "step_accuracy": 0.7624688540280962,
      "mean_step_reward": 0.5602004000303357,
      "prefix_accuracy": 0.010665014161379893,
      "step_accuracy_by_length": {
        "161": 0.5931372549019608,
        "162": 0.6071428571428571,
        "163": 0.5838926174496645,
        "164": 0.5910596026490066,
        "165": 0.5966666666666667,
        "166": 0.5939597315436241,
        "167": 0.6086206896551725,
        "168": 0.5925324675324676,
        "169": 0.6051724137931035,
        "170": 0.6095679012345679,
        "171": 0.6035714285714285,
        "172": 0.6341059602649006,
        "173": 0.6083333333333333,
        "174": 0.6160130718954249,
        "175": 0.5913793103448276,
        "176": 0.5685975609756098,
        "177": 0.5927672955974843,
        "178": 0.5984375,
        "179": 0.5702614379084967,
        "180": 0.5759493670886076,