{
  "step": 2000,
  "train": {
    "loss": 0.0337284654378891,
    "token_acc": 0.9842895865440369
  },
  "eval": {
    "train_1_40": {
      "process": 0.9683257690431646,
      "terminal": 0.875,
      "exact": 0.775
    },
    "ood_41_80": {
      "process": 0.5261107668939775,
      "terminal": 0.475,
      "exact": 0.0
    },
    "ood_81_160": {
      "process": 0.520335488923764,
      "terminal": 0.4625,
      "exact": 0.0
    },
    "ood_161_320": {
      "process": 0.4987215161762422,
      "terminal": 0.43125,
      "exact": 0.0
    },
    "ood_321_500": {
      "process": 0.5021037326343365,
      "terminal": 0.19444444444444445,
      "exact": 0.0
    }
  }
}
