{
  "step": 1000,
  "train": {
    "loss": 0.22725291550159454,
    "token_acc": 0.883542537689209
  },
  "eval": {
    "train_1_40": {
      "process": 0.8359821073856912,
      "terminal": 0.7,
      "exact": 0.425
    },
    "ood_41_80": {
      "process": 0.5409844635428559,
      "terminal": 0.375,
      "exact": 0.0
    },
    "ood_81_160": {
      "process": 0.5085991414764837,
      "terminal": 0.4875,
      "exact": 0.0
    },
    "ood_161_320": {
      "process": 0.4987086442980246,
      "terminal": 0.5375,
      "exact": 0.0
    },
    "ood_321_500": {
      "process": 0.49289788175754534,
      "terminal": 0.2722222222222222,
      "exact": 0.0
    }
  }
}
