{
  "final_train_metrics": {
    "loss": 1.483545184135437,
    "token_acc": 0.49566954374313354
  }
}