{
  "final_train_metrics": {
    "loss": 0.0337284654378891,
    "token_acc": 0.9842895865440369
  },
  "train_log_every": 50
}
