{
  "step": 700,
  "train": {
    "loss": -0.016041936352849007,
    "policy_loss": -0.0,
    "entropy": 0.8020968437194824,
    "reward": 1.7556817531585693,
    "rollout_count": 8.0,
    "generated_tokens_mean": 19.875,
    "cot_tokens_mean": 17.875,
    "cot_tokens_total": 143.0,
    "cot_match_accuracy": 0.5028409090909091,
    "cot_match_percent": 50.28409090909091,
    "process_match_accuracy": 0.5028409090909091,
    "process_match_percent": 50.28409090909091,
    "output_match_accuracy": 0.75,
    "output_match_percent": 75.0,
    "exact_match_accuracy": 0.0,
    "exact_match_percent": 0.0
  },
  "eval": {
    "train_1_40": {
      "process": 0.5831805693099189,
      "terminal": 0.5,
      "exact": 0.025
    },
    "ood_41_80": {
      "process": 0.5040758996915139,
      "terminal": 0.5,
      "exact": 0.0
    },
    "ood_81_160": {
      "process": 0.49233068780184713,
      "terminal": 0.2,
      "exact": 0.0
    },
    "ood_161_320": {
      "process": 0.3405766357463098,
      "terminal": 0.0,
      "exact": 0.0
    },
    "ood_321_500": {
      "process": 0.1912974713649616,
      "terminal": 0.0,
      "exact": 0.0
    }
  }
}
